site_id,datetime,users,snr_db,freq,bw,power_dbm,power_w,x,y,not,parazit_before,parazit_after
Site_1,2025-04-01 00:00:00,152,27.04,3500.0,33.83287680829977,42.02,15.922087270511716,0.0,0.0,,0.0,0.0
Site_2,2025-04-01 00:00:00,244,24.65,3500.0,59.55948395780866,44.86,30.61963433690677,400.0,0.0,,0.0,0.0
Site_3,2025-04-01 00:00:00,299,23.43,3500.0,76.7669390515358,46.18,41.495404263436285,0.0,400.0,,0.0,0.0
Site_4,2025-04-01 00:00:00,352,23.15,3500.0,91.46145223936267,47.14,51.760683195056764,400.0,400.0,,0.0,0.0
Site_5,2025-04-01 00:00:00,411,23.32,3500.0,100.0,47.74,59.429215861557296,200.0,200.0,,0.0,0.0
Site_1,2025-04-01 01:00:00,128,27.17,3500.0,28.35483046590149,41.15,13.031667784522988,0.0,0.0,,0.0,0.0
Site_2,2025-04-01 01:00:00,193,26.06,3500.0,44.57010103171452,43.4,21.87761623949552,400.0,0.0,,0.0,0.0
Site_3,2025-04-01 01:00:00,258,22.62,3500.0,68.59812380186344,45.53,35.727283815192905,0.0,400.0,,0.0,0.0
Site_4,2025-04-01 01:00:00,334,23.7,3500.0,84.78114120652329,46.75,47.315125896148054,400.0,400.0,,0.0,0.0
Site_5,2025-04-01 01:00:00,373,24.82,3500.0,90.42673080613258,47.17,52.11947111050805,200.0,200.0,,0.0,0.0
Site_1,2025-04-01 02:00:00,125,27.19,3500.0,27.66994125899876,41.03,12.67651865857846,0.0,0.0,,0.0,0.0
Site_2,2025-04-01 02:00:00,169,25.17,3500.0,40.403202792677675,42.87,19.364219639466057,400.0,0.0,,0.0,0.0
Site_3,2025-04-01 02:00:00,256,25.27,3500.0,60.96113942692421,45.01,31.6956746304349,0.0,400.0,,0.0,0.0
Site_4,2025-04-01 02:00:00,316,25.05,3500.0,75.90741043565464,46.2,41.686938347033575,400.0,400.0,,0.0,0.0
Site_5,2025-04-01 02:00:00,345,24.49,3500.0,84.76113383217331,46.79,47.75292736576907,200.0,200.0,,0.0,0.0
Site_1,2025-04-01 03:00:00,122,30.78,3500.0,23.860514499665925,40.37,10.889300933334328,0.0,0.0,,0.0,0.0
Site_2,2025-04-01 03:00:00,180,24.8,3500.0,43.67261987469175,43.25,21.134890398366466,400.0,0.0,,0.0,0.0
Site_3,2025-04-01 03:00:00,246,25.53,3500.0,57.985260665848735,44.76,29.922646366081874,0.0,400.0,,0.0,0.0
Site_4,2025-04-01 03:00:00,309,24.26,3500.0,76.633130524166,46.21,41.78303666466218,400.0,400.0,,0.0,0.0
Site_5,2025-04-01 03:00:00,336,24.15,3500.0,83.7070859549544,46.7,46.77351412871986,200.0,200.0,,0.0,0.0
Site_1,2025-04-01 04:00:00,129,27.44,3500.0,28.295773356744775,41.14,13.001695780332906,0.0,0.0,,0.0,0.0
Site_2,2025-04-01 04:00:00,197,26.09,3500.0,45.44167206035726,43.5,22.3872113856834,400.0,0.0,,0.0,0.0
Site_3,2025-04-01 04:00:00,258,25.27,3500.0,61.437398328697064,45.06,32.062693245054675,0.0,400.0,,0.0,0.0
Site_4,2025-04-01 04:00:00,317,23.99,3500.0,79.49792663404509,46.4,43.65158322401658,400.0,400.0,,0.0,0.0
Site_5,2025-04-01 04:00:00,337,22.36,3500.0,90.6378662842512,47.05,50.69907082747039,200.0,200.0,,0.0,0.0
Site_1,2025-04-01 05:00:00,175,27.21,3500.0,38.70950723163866,42.71,18.663796908346704,0.0,0.0,,0.0,0.0
Site_2,2025-04-01 05:00:00,210,27.56,3500.0,45.862734072818554,43.59,22.855988033754322,400.0,0.0,,0.0,0.0
Site_3,2025-04-01 05:00:00,287,22.78,3500.0,75.77619239001586,46.08,40.55085354483837,0.0,400.0,,0.0,0.0
Site_4,2025-04-01 05:00:00,340,21.72,3500.0,94.11889373848578,47.22,52.722986142282274,400.0,400.0,,0.0,0.0
Site_5,2025-04-01 05:00:00,354,25.81,3500.0,82.53982598026204,46.7,46.77351412871986,200.0,200.0,,0.0,0.0
Site_1,2025-04-01 06:00:00,210,25.53,3500.0,49.499612763529406,43.92,24.6603933723434,0.0,0.0,,0.0,0.0
Site_2,2025-04-01 06:00:00,222,24.31,3500.0,54.94406833519662,44.42,27.669416454115126,400.0,0.0,,0.0,0.0
Site_3,2025-04-01 06:00:00,323,21.09,3500.0,92.06046067267766,47.06,50.81594425605608,0.0,400.0,,0.0,0.0
Site_4,2025-04-01 06:00:00,375,23.96,3500.0,94.16048418677555,47.35,54.32503314924333,400.0,400.0,,0.0,0.0
Site_5,2025-04-01 06:00:00,381,24.09,3500.0,95.1531874089607,47.42,55.207743928075764,200.0,200.0,,0.0,0.0
Site_1,2025-04-01 07:00:00,254,21.21,3500.0,71.98845405154138,45.73,37.41105882720531,0.0,0.0,,0.0,0.0
Site_2,2025-04-01 07:00:00,261,25.18,3500.0,62.37315295814396,45.13,32.583670100200905,400.0,0.0,,0.0,0.0
Site_3,2025-04-01 07:00:00,365,24.79,3500.0,88.59395281060405,47.05,50.69907082747039,0.0,400.0,,0.0,0.0
Site_4,2025-04-01 07:00:00,415,22.16,3500.0,100.0,47.76,59.70352865838366,400.0,400.0,,0.0,0.0
Site_5,2025-04-01 07:00:00,422,20.47,3500.0,100.0,47.78,59.979107625550945,200.0,200.0,,0.0,0.0
Site_1,2025-04-01 08:00:00,301,24.63,3500.0,73.53239104123959,46.0,39.810717055349734,0.0,0.0,,0.0,0.0
Site_2,2025-04-01 08:00:00,304,24.01,3500.0,76.17455142707188,46.17,41.399967481973064,400.0,0.0,,0.0,0.0
Site_3,2025-04-01 08:00:00,388,20.57,3500.0,100.0,47.66,58.344510427374416,0.0,400.0,,0.0,0.0
Site_4,2025-04-01 08:00:00,464,20.05,3500.0,100.0,47.92,61.94410750767818,400.0,400.0,,0.0,0.0
Site_5,2025-04-01 08:00:00,465,21.31,3500.0,100.0,47.93,62.08690342300634,200.0,200.0,,0.0,0.0
Site_1,2025-04-01 09:00:00,347,22.11,3500.0,94.37514665811763,47.26,53.21082592667939,0.0,0.0,,0.0,0.0
Site_2,2025-04-01 09:00:00,354,24.73,3500.0,86.13165024270907,46.89,48.86523593428336,400.0,0.0,,0.0,0.0
Site_3,2025-04-01 09:00:00,435,21.99,3500.0,100.0,47.82,60.53408747539136,0.0,400.0,,0.0,0.0
Site_4,2025-04-01 09:00:00,503,18.83,3500.0,100.0,48.04,63.67955209079155,400.0,400.0,,0.0,0.0
Site_5,2025-04-01 09:00:00,515,20.01,3500.0,100.0,48.04,63.67955209079155,200.0,200.0,,0.0,0.0
Site_1,2025-04-01 10:00:00,378,25.07,3500.0,90.72846291783135,47.2,52.480746024977286,0.0,0.0,,0.0,0.0
Site_2,2025-04-01 10:00:00,399,23.3,3500.0,100.0,47.7,58.88436553555893,400.0,0.0,,0.0,0.0
Site_3,2025-04-01 10:00:00,474,17.81,3500.0,100.0,47.96,62.51726927756859,0.0,400.0,,0.0,0.0
Site_4,2025-04-01 10:00:00,548,16.82,3500.0,100.0,48.04,63.67955209079155,400.0,400.0,,0.0,0.0
Site_5,2025-04-01 10:00:00,567,17.57,3500.0,100.0,48.04,63.67955209079155,200.0,200.0,,0.0,0.0
Site_1,2025-04-01 11:00:00,403,21.39,3500.0,100.0,47.71,59.02010801718445,0.0,0.0,,0.0,0.0
Site_2,2025-04-01 11:00:00,437,22.46,3500.0,100.0,47.83,60.673632958850526,400.0,0.0,,0.0,0.0
Site_3,2025-04-01 11:00:00,509,22.15,3500.0,100.0,48.04,63.67955209079155,0.0,400.0,,0.0,0.0
Site_4,2025-04-01 11:00:00,590,20.64,3500.0,100.0,48.04,63.67955209079155,400.0,400.0,,0.0,0.0
Site_5,2025-04-01 11:00:00,614,16.93,3500.0,100.0,48.04,63.67955209079155,200.0,200.0,,0.0,0.0
Site_1,2025-04-01 12:00:00,430,22.22,3500.0,100.0,47.81,60.394862937638,0.0,0.0,,0.0,0.0
Site_2,2025-04-01 12:00:00,450,22.11,3500.0,100.0,47.88,61.37620051647946,400.0,0.0,,0.0,0.0
Site_3,2025-04-01 12:00:00,532,16.01,3500.0,100.0,48.04,63.67955209079155,0.0,400.0,,0.0,0.0
Site_4,2025-04-01 12:00:00,612,18.02,3500.0,100.0,48.04,63.67955209079155,400.0,400.0,,0.0,0.0
Site_5,2025-04-01 12:00:00,640,15.47,3500.0,100.0,48.04,63.67955209079155,200.0,200.0,,0.0,0.0
Site_1,2025-04-01 13:00:00,445,20.22,3500.0,100.0,47.86,61.09420249055721,0.0,0.0,,0.0,0.0
Site_2,2025-04-01 13:00:00,477,20.99,3500.0,100.0,47.97,62.66138646723353,400.0,0.0,,0.0,0.0
Site_3,2025-04-01 13:00:00,554,18.96,3500.0,100.0,48.04,63.67955209079155,0.0,400.0,,0.0,0.0
Site_4,2025-04-01 13:00:00,631,14.87,3500.0,100.0,48.04,63.67955209079155,400.0,400.0,,0.0,0.0
Site_5,2025-04-01 13:00:00,664,16.7,3500.0,100.0,48.04,63.67955209079155,200.0,200.0,,0.0,0.0
Site_1,2025-04-01 14:00:00,460,20.35,3500.0,100.0,47.91,61.80164001384154,0.0,0.0,,0.0,0.0
Site_2,2025-04-01 14:00:00,499,22.51,3500.0,100.0,48.04,63.67955209079155,400.0,0.0,,0.0,0.0
Site_3,2025-04-01 14:00:00,573,17.36,3500.0,100.0,48.04,63.67955209079155,0.0,400.0,,0.0,0.0
Site_4,2025-04-01 14:00:00,639,13.27,3500.0,100.0,48.04,63.67955209079155,400.0,400.0,,0.0,0.0
Site_5,2025-04-01 14:00:00,675,15.66,3500.0,100.0,48.04,63.67955209079155,200.0,200.0,,0.0,0.0
Site_1,2025-04-01 15:00:00,471,20.23,3500.0,100.0,47.95,62.37348354824198,0.0,0.0,,0.0,0.0
Site_2,2025-04-01 15:00:00,519,19.02,3500.0,100.0,48.04,63.67955209079155,400.0,0.0,,0.0,0.0
Site_3,2025-04-01 15:00:00,584,17.75,3500.0,100.0,48.04,63.67955209079155,0.0,400.0,,0.0,0.0
Site_4,2025-04-01 15:00:00,644,18.63,3500.0,100.0,48.04,63.67955209079155,400.0,400.0,,0.0,0.0
Site_5,2025-04-01 15:00:00,683,14.9,3500.0,100.0,48.04,63.67955209079155,200.0,200.0,,0.0,0.0
Site_1,2025-04-01 16:00:00,472,20.99,3500.0,100.0,47.95,62.37348354824198,0.0,0.0,,0.0,0.0
Site_2,2025-04-01 16:00:00,532,18.25,3500.0,100.0,48.04,63.67955209079155,400.0,0.0,,0.0,0.0
Site_3,2025-04-01 16:00:00,586,16.42,3500.0,100.0,48.04,63.67955209079155,0.0,400.0,,0.0,0.0
Site_4,2025-04-01 16:00:00,635,16.64,3500.0,100.0,48.04,63.67955209079155,400.0,400.0,,0.0,0.0
Site_5,2025-04-01 16:00:00,664,18.34,3500.0,100.0,48.04,63.67955209079155,200.0,200.0,,0.0,0.0
Site_1,2025-04-01 17:00:00,457,20.44,3500.0,100.0,47.9,61.65950018614819,0.0,0.0,,0.0,0.0
Site_2,2025-04-01 17:00:00,525,17.4,3500.0,100.0,48.04,63.67955209079155,400.0,0.0,,0.0,0.0
Site_3,2025-04-01 17:00:00,575,22.0,3500.0,100.0,48.04,63.67955209079155,0.0,400.0,,0.0,0.0
Site_4,2025-04-01 17:00:00,620,17.03,3500.0,100.0,48.04,63.67955209079155,400.0,400.0,,0.0,0.0
Site_5,2025-04-01 17:00:00,650,15.85,3500.0,100.0,48.04,63.67955209079155,200.0,200.0,,0.0,0.0
Site_1,2025-04-01 18:00:00,427,20.81,3500.0,100.0,47.8,60.255958607435744,0.0,0.0,,0.0,0.0
Site_2,2025-04-01 18:00:00,499,22.08,3500.0,100.0,48.04,63.67955209079155,400.0,0.0,,0.0,0.0
Site_3,2025-04-01 18:00:00,547,19.7,3500.0,100.0,48.04,63.67955209079155,0.0,400.0,,0.0,0.0
Site_4,2025-04-01 18:00:00,586,16.57,3500.0,100.0,48.04,63.67955209079155,400.0,400.0,,0.0,0.0
Site_5,2025-04-01 18:00:00,627,16.09,3500.0,100.0,48.04,63.67955209079155,200.0,200.0,,0.0,0.0
Site_1,2025-04-01 19:00:00,390,22.46,3500.0,100.0,47.67,58.47900841444809,0.0,0.0,,0.0,0.0
Site_2,2025-04-01 19:00:00,464,20.76,3500.0,100.0,47.92,61.94410750767818,400.0,0.0,,0.0,0.0
Site_3,2025-04-01 19:00:00,490,20.13,3500.0,100.0,48.01,63.241185137621905,0.0,400.0,,0.0,0.0
Site_4,2025-04-01 19:00:00,548,15.94,3500.0,100.0,48.04,63.67955209079155,400.0,400.0,,0.0,0.0
Site_5,2025-04-01 19:00:00,593,18.37,3500.0,100.0,48.04,63.67955209079155,200.0,200.0,,0.0,0.0
Site_1,2025-04-01 20:00:00,344,21.67,3500.0,95.44412020088014,47.3,53.703179637025244,0.0,0.0,,0.0,0.0
Site_2,2025-04-01 20:00:00,401,24.13,3500.0,99.9828477105722,47.71,59.02010801718445,400.0,0.0,,0.0,0.0
Site_3,2025-04-01 20:00:00,440,22.64,3500.0,100.0,47.84,60.813500127871826,0.0,400.0,,0.0,0.0
Site_4,2025-04-01 20:00:00,512,19.4,3500.0,100.0,48.04,63.67955209079155,400.0,400.0,,0.0,0.0
Site_5,2025-04-01 20:00:00,557,19.72,3500.0,100.0,48.04,63.67955209079155,200.0,200.0,,0.0,0.0
Site_1,2025-04-01 21:00:00,296,26.16,3500.0,68.09565959265073,45.65,36.72823004980846,0.0,0.0,,0.0,0.0
Site_2,2025-04-01 21:00:00,371,22.33,3500.0,99.91546773611795,47.6,57.54399373371572,400.0,0.0,,0.0,0.0
Site_3,2025-04-01 21:00:00,400,22.68,3500.0,100.0,47.7,58.88436553555893,0.0,400.0,,0.0,0.0
Site_4,2025-04-01 21:00:00,472,22.42,3500.0,100.0,47.95,62.37348354824198,400.0,400.0,,0.0,0.0
Site_5,2025-04-01 21:00:00,508,20.54,3500.0,100.0,48.04,63.67955209079155,200.0,200.0,,0.0,0.0
Site_1,2025-04-01 22:00:00,262,24.75,3500.0,63.69584319597123,45.23,33.34264127632347,0.0,0.0,,0.0,0.0
Site_2,2025-04-01 22:00:00,328,25.54,3500.0,77.28350798622296,46.32,42.85485203974397,400.0,0.0,,0.0,0.0
Site_3,2025-04-01 22:00:00,357,23.17,3500.0,92.68100767461664,47.22,52.722986142282274,0.0,400.0,,0.0,0.0
Site_4,2025-04-01 22:00:00,427,20.86,3500.0,100.0,47.8,60.255958607435744,400.0,400.0,,0.0,0.0
Site_5,2025-04-01 22:00:00,462,20.51,3500.0,100.0,47.92,61.94410750767818,200.0,200.0,,0.0,0.0
Site_1,2025-04-01 23:00:00,218,25.02,3500.0,52.42906376527643,44.2,26.302679918953842,0.0,0.0,,0.0,0.0
Site_2,2025-04-01 23:00:00,260,20.31,3500.0,76.9207231570487,46.04,40.17908108489398,400.0,0.0,,0.0,0.0
Site_3,2025-04-01 23:00:00,310,22.72,3500.0,82.06363870288057,46.52,44.87453899331325,0.0,400.0,,0.0,0.0
Site_4,2025-04-01 23:00:00,356,22.09,3500.0,96.90993663270936,47.41,55.0807696405403,400.0,400.0,,0.0,0.0
Site_5,2025-04-01 23:00:00,419,20.82,3500.0,100.0,47.77,59.841159506032014,200.0,200.0,,0.0,0.0
Site_1,2025-04-02 00:00:00,166,24.92,3500.0,40.08265543725712,42.82,19.14255925021086,0.0,0.0,,0.0,0.0
Site_2,2025-04-02 00:00:00,181,24.99,3500.0,43.582617332599945,43.25,21.134890398366466,400.0,0.0,,0.0,0.0
Site_3,2025-04-02 00:00:00,282,24.06,3500.0,70.51575521780073,45.75,37.583740428844415,0.0,400.0,,0.0,0.0
Site_4,2025-04-02 00:00:00,308,22.24,3500.0,83.28200459158994,46.57,45.39416166502032,400.0,400.0,,0.0,0.0
Site_5,2025-04-02 00:00:00,362,23.65,3500.0,92.08182703111919,47.21,52.60172663907063,200.0,200.0,,0.0,0.0
Site_1,2025-04-02 01:00:00,114,26.97,3500.0,25.440364700487287,40.61,11.508003889444357,0.0,0.0,,0.0,0.0
Site_2,2025-04-02 01:00:00,123,25.05,3500.0,29.546238872106077,41.3,13.489628825916526,400.0,0.0,,0.0,0.0
Site_3,2025-04-02 01:00:00,226,26.33,3500.0,51.65719306263217,44.17,26.12161354399208,0.0,400.0,,0.0,0.0
Site_4,2025-04-02 01:00:00,279,23.64,3500.0,70.99901090279927,45.77,37.75721909254164,400.0,400.0,,0.0,0.0
Site_5,2025-04-02 01:00:00,310,22.21,3500.0,83.93521384100531,46.61,45.81418867145335,200.0,200.0,,0.0,0.0
Site_1,2025-04-02 02:00:00,106,26.3,3500.0,24.25615708578302,40.37,10.889300933334328,0.0,0.0,,0.0,0.0
Site_2,2025-04-02 02:00:00,122,26.73,3500.0,27.46951582025914,40.98,12.531411749414149,400.0,0.0,,0.0,0.0
Site_3,2025-04-02 02:00:00,218,23.78,3500.0,55.150958431787686,44.42,27.669416454115126,0.0,400.0,,0.0,0.0
Site_4,2025-04-02 02:00:00,278,24.63,3500.0,67.91363690852027,45.57,36.05786430216423,400.0,400.0,,0.0,0.0
Site_5,2025-04-02 02:00:00,314,25.0,3500.0,75.57728249956124,46.17,41.399967481973064,200.0,200.0,,0.0,0.0
Site_1,2025-04-02 03:00:00,111,29.27,3500.0,22.82778862871151,40.13,10.303861204416169,0.0,0.0,,0.0,0.0
Site_2,2025-04-02 03:00:00,142,28.63,3500.0,29.854962032850743,41.43,13.899526312133533,400.0,0.0,,0.0,0.0
Site_3,2025-04-02 03:00:00,215,23.89,3500.0,54.14277177906831,44.33,27.101916318908415,0.0,400.0,,0.0,0.0
Site_4,2025-04-02 03:00:00,287,24.77,3500.0,69.71757397442916,45.72,37.32501577957204,400.0,400.0,,0.0,0.0
Site_5,2025-04-02 03:00:00,314,22.92,3500.0,82.40166217529266,46.55,45.18559443749221,200.0,200.0,,0.0,0.0
Site_1,2025-04-02 04:00:00,125,25.85,3500.0,29.100456600258795,41.25,13.33521432163324,0.0,0.0,,0.0,0.0
Site_2,2025-04-02 04:00:00,150,28.18,3500.0,32.0396937059988,41.78,15.066070661867425,400.0,0.0,,0.0,0.0
Site_3,2025-04-02 04:00:00,226,25.53,3500.0,53.27101183122688,44.31,26.977394324449218,0.0,400.0,,0.0,0.0
Site_4,2025-04-02 04:00:00,310,25.28,3500.0,73.79102999310521,46.05,40.271703432545884,400.0,400.0,,0.0,0.0
Site_5,2025-04-02 04:00:00,330,21.12,3500.0,93.92321476077973,47.18,52.239618899911974,200.0,200.0,,0.0,0.0
Site_1,2025-04-02 05:00:00,139,25.66,3500.0,32.598571033698555,41.8,15.135612484362072,0.0,0.0,,0.0,0.0
Site_2,2025-04-02 05:00:00,177,25.5,3500.0,41.77002491229836,43.05,20.183663636815595,400.0,0.0,,0.0,0.0
Site_3,2025-04-02 05:00:00,263,25.77,3500.0,61.416852021723315,45.07,32.13660538640318,0.0,400.0,,0.0,0.0
Site_4,2025-04-02 05:00:00,342,22.7,3500.0,90.61398393994801,47.07,50.93308710571955,400.0,400.0,,0.0,0.0
Site_5,2025-04-02 05:00:00,351,25.7,3500.0,82.18953818176635,46.67,46.45152752227497,200.0,200.0,,0.0,0.0
Site_1,2025-04-02 06:00:00,168,26.05,3500.0,38.81162208923274,42.69,18.57804455091697,0.0,0.0,,0.0,0.0
Site_2,2025-04-02 06:00:00,211,25.81,3500.0,49.19746689783981,43.9,24.547089156850298,400.0,0.0,,0.0,0.0
Site_3,2025-04-02 06:00:00,284,26.66,3500.0,64.11291158224016,45.34,34.197944251370906,0.0,400.0,,0.0,0.0
Site_4,2025-04-02 06:00:00,373,22.63,3500.0,99.1312660372909,47.57,57.14786366718672,400.0,400.0,,0.0,0.0
Site_5,2025-04-02 06:00:00,378,21.4,3500.0,100.0,47.62,57.80960474057178,200.0,200.0,,0.0,0.0
Site_1,2025-04-02 07:00:00,214,27.26,3500.0,47.24956358488779,43.74,23.65919697485759,0.0,0.0,,0.0,0.0
Site_2,2025-04-02 07:00:00,262,26.74,3500.0,58.96990397793487,44.89,30.83187950249355,400.0,0.0,,0.0,0.0
Site_3,2025-04-02 07:00:00,331,24.73,3500.0,80.53552607439745,46.51,44.77133041763623,0.0,400.0,,0.0,0.0
Site_4,2025-04-02 07:00:00,413,21.93,3500.0,100.0,47.75,59.566214352901035,400.0,400.0,,0.0,0.0
Site_5,2025-04-02 07:00:00,416,19.92,3500.0,100.0,47.76,59.70352865838366,200.0,200.0,,0.0,0.0
Site_1,2025-04-02 08:00:00,261,24.45,3500.0,64.22810618015673,45.26,33.573761424295455,0.0,0.0,,0.0,0.0
Site_2,2025-04-02 08:00:00,317,24.59,3500.0,77.56655008842002,46.3,42.65795188015923,400.0,0.0,,0.0,0.0
Site_3,2025-04-02 08:00:00,387,24.24,3500.0,96.05625556699087,47.48,55.97576014951099,0.0,400.0,,0.0,0.0
Site_4,2025-04-02 08:00:00,458,20.26,3500.0,100.0,47.9,61.65950018614819,400.0,400.0,,0.0,0.0
Site_5,2025-04-02 08:00:00,461,21.49,3500.0,100.0,47.91,61.80164001384154,200.0,200.0,,0.0,0.0
Site_1,2025-04-02 09:00:00,310,21.7,3500.0,85.89274125442155,46.71,46.88133821452653,0.0,0.0,,0.0,0.0
Site_2,2025-04-02 09:00:00,366,25.15,3500.0,87.56976223727429,47.0,50.11872336272722,400.0,0.0,,0.0,0.0
Site_3,2025-04-02 09:00:00,438,22.45,3500.0,100.0,47.83,60.673632958850526,0.0,400.0,,0.0,0.0
Site_4,2025-04-02 09:00:00,521,17.82,3500.0,100.0,48.04,63.67955209079155,400.0,400.0,,0.0,0.0
Site_5,2025-04-02 09:00:00,500,18.89,3500.0,100.0,48.04,63.67955209079155,200.0,200.0,,0.0,0.0
Site_1,2025-04-02 10:00:00,351,21.47,3500.0,98.28591282840931,47.45,55.5904257270404,0.0,0.0,,0.0,0.0
Site_2,2025-04-02 10:00:00,405,22.18,3500.0,100.0,47.72,59.15616341754737,400.0,0.0,,0.0,0.0
Site_3,2025-04-02 10:00:00,475,19.92,3500.0,100.0,47.96,62.51726927756859,0.0,400.0,,0.0,0.0
Site_4,2025-04-02 10:00:00,545,21.56,3500.0,100.0,48.04,63.67955209079155,400.0,400.0,,0.0,0.0
Site_5,2025-04-02 10:00:00,553,19.1,3500.0,100.0,48.04,63.67955209079155,200.0,200.0,,0.0,0.0
Site_1,2025-04-02 11:00:00,379,23.53,3500.0,96.89522920188308,47.49,56.104797603247064,0.0,0.0,,0.0,0.0
Site_2,2025-04-02 11:00:00,443,21.36,3500.0,100.0,47.85,60.95368972401694,400.0,0.0,,0.0,0.0
Site_3,2025-04-02 11:00:00,504,18.96,3500.0,100.0,48.04,63.67955209079155,0.0,400.0,,0.0,0.0
Site_4,2025-04-02 11:00:00,570,19.62,3500.0,100.0,48.04,63.67955209079155,400.0,400.0,,0.0,0.0
Site_5,2025-04-02 11:00:00,596,18.1,3500.0,100.0,48.04,63.67955209079155,200.0,200.0,,0.0,0.0
Site_1,2025-04-02 12:00:00,403,23.9,3500.0,100.0,47.71,59.02010801718445,0.0,0.0,,0.0,0.0
Site_2,2025-04-02 12:00:00,463,21.76,3500.0,100.0,47.92,61.94410750767818,400.0,0.0,,0.0,0.0
Site_3,2025-04-02 12:00:00,525,18.42,3500.0,100.0,48.04,63.67955209079155,0.0,400.0,,0.0,0.0
Site_4,2025-04-02 12:00:00,588,17.46,3500.0,100.0,48.04,63.67955209079155,400.0,400.0,,0.0,0.0
Site_5,2025-04-02 12:00:00,619,14.81,3500.0,100.0,48.04,63.67955209079155,200.0,200.0,,0.0,0.0
Site_1,2025-04-02 13:00:00,416,21.86,3500.0,100.0,47.76,59.70352865838366,0.0,0.0,,0.0,0.0
Site_2,2025-04-02 13:00:00,482,20.24,3500.0,100.0,47.98,62.80583588133174,400.0,0.0,,0.0,0.0
Site_3,2025-04-02 13:00:00,543,18.67,3500.0,100.0,48.04,63.67955209079155,0.0,400.0,,0.0,0.0
Site_4,2025-04-02 13:00:00,608,19.77,3500.0,100.0,48.04,63.67955209079155,400.0,400.0,,0.0,0.0
Site_5,2025-04-02 13:00:00,633,18.8,3500.0,100.0,48.04,63.67955209079155,200.0,200.0,,0.0,0.0
Site_1,2025-04-02 14:00:00,428,20.64,3500.0,100.0,47.8,60.255958607435744,0.0,0.0,,0.0,0.0
Site_2,2025-04-02 14:00:00,497,18.98,3500.0,100.0,48.03,63.533093185174394,400.0,0.0,,0.0,0.0
Site_3,2025-04-02 14:00:00,553,20.82,3500.0,100.0,48.04,63.67955209079155,0.0,400.0,,0.0,0.0
Site_4,2025-04-02 14:00:00,608,18.44,3500.0,100.0,48.04,63.67955209079155,400.0,400.0,,0.0,0.0
Site_5,2025-04-02 14:00:00,630,15.37,3500.0,100.0,48.04,63.67955209079155,200.0,200.0,,0.0,0.0
Site_1,2025-04-02 15:00:00,421,21.77,3500.0,100.0,47.78,59.979107625550945,0.0,0.0,,0.0,0.0
Site_2,2025-04-02 15:00:00,500,20.43,3500.0,100.0,48.04,63.67955209079155,400.0,0.0,,0.0,0.0
Site_3,2025-04-02 15:00:00,550,21.95,3500.0,100.0,48.04,63.67955209079155,0.0,400.0,,0.0,0.0
Site_4,2025-04-02 15:00:00,601,19.5,3500.0,100.0,48.04,63.67955209079155,400.0,400.0,,0.0,0.0
Site_5,2025-04-02 15:00:00,618,20.67,3500.0,100.0,48.04,63.67955209079155,200.0,200.0,,0.0,0.0
Site_1,2025-04-02 16:00:00,404,25.4,3500.0,95.71359289275485,47.53,56.623928903825345,0.0,0.0,,0.0,0.0
Site_2,2025-04-02 16:00:00,475,19.67,3500.0,100.0,47.96,62.51726927756859,400.0,0.0,,0.0,0.0
Site_3,2025-04-02 16:00:00,536,19.63,3500.0,100.0,48.04,63.67955209079155,0.0,400.0,,0.0,0.0
Site_4,2025-04-02 16:00:00,579,20.42,3500.0,100.0,48.04,63.67955209079155,400.0,400.0,,0.0,0.0
Site_5,2025-04-02 16:00:00,604,21.63,3500.0,100.0,48.04,63.67955209079155,200.0,200.0,,0.0,0.0
Site_1,2025-04-02 17:00:00,382,21.68,3500.0,100.0,47.64,58.07644175213121,0.0,0.0,,0.0,0.0
Site_2,2025-04-02 17:00:00,434,22.05,3500.0,100.0,47.82,60.53408747539136,400.0,0.0,,0.0,0.0
Site_3,2025-04-02 17:00:00,499,21.77,3500.0,100.0,48.04,63.67955209079155,0.0,400.0,,0.0,0.0
Site_4,2025-04-02 17:00:00,562,16.95,3500.0,100.0,48.04,63.67955209079155,400.0,400.0,,0.0,0.0
Site_5,2025-04-02 17:00:00,577,17.7,3500.0,100.0,48.04,63.67955209079155,200.0,200.0,,0.0,0.0
Site_1,2025-04-02 18:00:00,336,22.43,3500.0,90.08881057315328,47.02,50.35006087879053,0.0,0.0,,0.0,0.0
Site_2,2025-04-02 18:00:00,387,19.39,3500.0,100.0,47.66,58.344510427374416,400.0,0.0,,0.0,0.0
Site_3,2025-04-02 18:00:00,450,20.78,3500.0,100.0,47.88,61.37620051647946,0.0,400.0,,0.0,0.0
Site_4,2025-04-02 18:00:00,544,19.57,3500.0,100.0,48.04,63.67955209079155,400.0,400.0,,0.0,0.0
Site_5,2025-04-02 18:00:00,538,18.74,3500.0,100.0,48.04,63.67955209079155,200.0,200.0,,0.0,0.0
Site_1,2025-04-02 19:00:00,277,24.87,3500.0,67.01887172559542,45.51,35.56313185689851,0.0,0.0,,0.0,0.0
Site_2,2025-04-02 19:00:00,355,21.71,3500.0,98.31609995992405,47.47,55.84701947368306,400.0,0.0,,0.0,0.0
Site_3,2025-04-02 19:00:00,393,23.39,3500.0,100.0,47.68,58.613816451402876,0.0,400.0,,0.0,0.0
Site_4,2025-04-02 19:00:00,508,17.91,3500.0,100.0,48.04,63.67955209079155,400.0,400.0,,0.0,0.0
Site_5,2025-04-02 19:00:00,493,22.1,3500.0,100.0,48.02,63.38697112569273,200.0,200.0,,0.0,0.0
Site_1,2025-04-02 20:00:00,240,25.97,3500.0,55.61547310981264,44.55,28.51018267503907,0.0,0.0,,0.0,0.0
Site_2,2025-04-02 20:00:00,310,23.88,3500.0,78.09885593030567,46.3,42.65795188015923,400.0,0.0,,0.0,0.0
Site_3,2025-04-02 20:00:00,366,21.96,3500.0,100.0,47.58,57.279603098582896,0.0,400.0,,0.0,0.0
Site_4,2025-04-02 20:00:00,460,20.67,3500.0,100.0,47.91,61.80164001384154,400.0,400.0,,0.0,0.0
Site_5,2025-04-02 20:00:00,449,21.61,3500.0,100.0,47.87,61.23503917247731,200.0,200.0,,0.0,0.0
Site_1,2025-04-02 21:00:00,196,25.22,3500.0,46.76558143170477,43.62,23.014418174085066,0.0,0.0,,0.0,0.0
Site_2,2025-04-02 21:00:00,255,24.85,3500.0,61.745538146035926,45.07,32.13660538640318,400.0,0.0,,0.0,0.0
Site_3,2025-04-02 21:00:00,315,25.18,3500.0,75.27794322534616,46.16,41.304750199016105,0.0,400.0,,0.0,0.0
Site_4,2025-04-02 21:00:00,408,18.96,3500.0,100.0,47.73,59.29253245799994,400.0,400.0,,0.0,0.0
Site_5,2025-04-02 21:00:00,403,22.24,3500.0,100.0,47.71,59.02010801718445,200.0,200.0,,0.0,0.0
Site_1,2025-04-02 22:00:00,151,26.55,3500.0,34.229075813296355,42.07,16.106456351782708,0.0,0.0,,0.0,0.0
Site_2,2025-04-02 22:00:00,209,26.05,3500.0,48.28350605148597,43.81,24.043628000069347,400.0,0.0,,0.0,0.0
Site_3,2025-04-02 22:00:00,270,25.35,3500.0,64.09274514363841,45.29,33.80648362059815,0.0,400.0,,0.0,0.0
Site_4,2025-04-02 22:00:00,356,23.21,3500.0,92.26302007202042,47.2,52.480746024977286,400.0,400.0,,0.0,0.0
Site_5,2025-04-02 22:00:00,361,22.98,3500.0,94.489798424138,47.32,53.95106225151276,200.0,200.0,,0.0,0.0
Site_1,2025-04-02 23:00:00,118,29.8,3500.0,23.83632375512009,40.35,10.83926914021204,0.0,0.0,,0.0,0.0
Site_2,2025-04-02 23:00:00,192,26.29,3500.0,43.95234710426772,43.33,21.527817347243715,400.0,0.0,,0.0,0.0
Site_3,2025-04-02 23:00:00,232,25.36,3500.0,55.050642386372594,44.47,27.989813196343615,0.0,400.0,,0.0,0.0
Site_4,2025-04-02 23:00:00,321,23.7,3500.0,81.48127642902388,46.53,44.977985489328795,400.0,400.0,,0.0,0.0
Site_5,2025-04-02 23:00:00,334,21.89,3500.0,91.74555347085992,47.09,51.16818355403081,200.0,200.0,,0.0,0.0
Site_1,2025-04-03 00:00:00,84,25.61,3500.0,19.738194497635742,39.37,8.649679187756927,0.0,0.0,,0.0,0.0
Site_2,2025-04-03 00:00:00,181,26.78,3500.0,40.678049622413994,42.95,19.724227361148554,400.0,0.0,,0.0,0.0
Site_3,2025-04-03 00:00:00,216,24.0,3500.0,54.1464695993023,44.34,27.16439268839085,0.0,400.0,,0.0,0.0
Site_4,2025-04-03 00:00:00,303,23.43,3500.0,77.79392151376369,46.26,42.26686142656028,400.0,400.0,,0.0,0.0
Site_5,2025-04-03 00:00:00,320,24.87,3500.0,77.42252329310664,46.3,42.65795188015923,200.0,200.0,,0.0,0.0
Site_1,2025-04-03 01:00:00,77,31.35,3500.0,14.785937881554053,38.08,6.426877173170194,0.0,0.0,,0.0,0.0
Site_2,2025-04-03 01:00:00,152,29.85,3500.0,30.653047079295327,41.59,14.421153515248696,400.0,0.0,,0.0,0.0
Site_3,2025-04-03 01:00:00,220,26.06,3500.0,50.805296512835206,44.08,25.58585886905645,0.0,400.0,,0.0,0.0
Site_4,2025-04-03 01:00:00,291,20.84,3500.0,83.92528994973387,46.54,45.08167045414601,400.0,400.0,,0.0,0.0
Site_5,2025-04-03 01:00:00,304,24.58,3500.0,74.41572666687796,46.07,40.45758916974427,200.0,200.0,,0.0,0.0
Site_1,2025-04-03 02:00:00,79,26.61,3500.0,17.867651325345594,38.91,7.780365510398035,0.0,0.0,,0.0,0.0
Site_2,2025-04-03 02:00:00,136,23.54,3500.0,34.755098624704175,42.07,16.106456351782708,400.0,0.0,,0.0,0.0
Site_3,2025-04-03 02:00:00,218,27.29,3500.0,48.079935081316194,43.83,24.154608344449393,0.0,400.0,,0.0,0.0
Site_4,2025-04-03 02:00:00,283,27.43,3500.0,62.09780690165997,45.2,33.11311214825913,400.0,400.0,,0.0,0.0
Site_5,2025-04-03 02:00:00,309,23.24,3500.0,79.97943223314391,46.4,43.65158322401658,200.0,200.0,,0.0,0.0
Site_1,2025-04-03 03:00:00,101,29.53,3500.0,20.588588281442398,39.63,9.183325964835815,0.0,0.0,,0.0,0.0
Site_2,2025-04-03 03:00:00,155,26.87,3500.0,34.718396629036334,42.15,16.40589773199539,400.0,0.0,,0.0,0.0
Site_3,2025-04-03 03:00:00,233,26.44,3500.0,53.03621583487784,44.32,27.039583641088434,0.0,400.0,,0.0,0.0
Site_4,2025-04-03 03:00:00,292,23.51,3500.0,74.7159629732878,46.04,40.17908108489398,400.0,400.0,,0.0,0.0
Site_5,2025-04-03 03:00:00,313,24.1,3500.0,78.13817885605582,46.31,42.756288615158645,200.0,200.0,,0.0,0.0
Site_1,2025-04-03 04:00:00,109,27.16,3500.0,24.154780795959685,40.36,10.864256236170656,0.0,0.0,,0.0,0.0
Site_2,2025-04-03 04:00:00,166,27.11,3500.0,36.853874022233676,42.45,17.57923613958694,400.0,0.0,,0.0,0.0
Site_3,2025-04-03 04:00:00,249,24.4,3500.0,61.400121209066675,45.02,31.768740706497724,0.0,400.0,,0.0,0.0
Site_4,2025-04-03 04:00:00,297,24.61,3500.0,72.61394182146351,45.93,39.174187710778305,400.0,400.0,,0.0,0.0
Site_5,2025-04-03 04:00:00,332,23.93,3500.0,83.46742853396303,46.67,46.45152752227497,200.0,200.0,,0.0,0.0
Site_1,2025-04-03 05:00:00,137,28.12,3500.0,29.325248631938127,41.33,13.583134465871535,0.0,0.0,,0.0,0.0
Site_2,2025-04-03 05:00:00,205,26.55,3500.0,46.46993736242221,43.63,23.067471887200703,400.0,0.0,,0.0,0.0
Site_3,2025-04-03 05:00:00,283,26.92,3500.0,63.27161518182423,45.28,33.72873086588689,0.0,400.0,,0.0,0.0
Site_4,2025-04-03 05:00:00,321,22.99,3500.0,83.98368560225484,46.66,46.34469197362877,400.0,400.0,,0.0,0.0
Site_5,2025-04-03 05:00:00,366,21.95,3500.0,100.0,47.58,57.279603098582896,200.0,200.0,,0.0,0.0
Site_1,2025-04-03 06:00:00,167,24.56,3500.0,40.91284530024178,42.91,19.54339455775393,0.0,0.0,,0.0,0.0
Site_2,2025-04-03 06:00:00,227,26.01,3500.0,52.52230865724017,44.25,26.6072505979881,400.0,0.0,,0.0,0.0
Site_3,2025-04-03 06:00:00,312,20.47,3500.0,91.5912721456445,47.0,50.11872336272722,0.0,400.0,,0.0,0.0
Site_4,2025-04-03 06:00:00,362,24.69,3500.0,88.22025709065656,47.02,50.35006087879053,400.0,400.0,,0.0,0.0
Site_5,2025-04-03 06:00:00,402,22.61,3500.0,100.0,47.71,59.02010801718445,200.0,200.0,,0.0,0.0
Site_1,2025-04-03 07:00:00,207,25.35,3500.0,49.13777127678945,43.88,24.43430552693974,0.0,0.0,,0.0,0.0
Site_2,2025-04-03 07:00:00,266,24.82,3500.0,64.48662304137069,45.3,33.88441561392024,400.0,0.0,,0.0,0.0
Site_3,2025-04-03 07:00:00,349,22.62,3500.0,92.79358607306331,47.19,52.36004365857501,0.0,400.0,,0.0,0.0
Site_4,2025-04-03 07:00:00,405,22.3,3500.0,100.0,47.72,59.15616341754737,400.0,400.0,,0.0,0.0
Site_5,2025-04-03 07:00:00,427,19.88,3500.0,100.0,47.8,60.255958607435744,200.0,200.0,,0.0,0.0
Site_1,2025-04-03 08:00:00,241,26.09,3500.0,55.59108104845736,44.55,28.51018267503907,0.0,0.0,,0.0,0.0
Site_2,2025-04-03 08:00:00,300,25.98,3500.0,69.49266126858787,45.75,37.583740428844415,400.0,0.0,,0.0,0.0
Site_3,2025-04-03 08:00:00,395,23.64,3500.0,100.0,47.68,58.613816451402876,0.0,400.0,,0.0,0.0
Site_4,2025-04-03 08:00:00,452,22.26,3500.0,100.0,47.88,61.37620051647946,400.0,400.0,,0.0,0.0
Site_5,2025-04-03 08:00:00,471,21.07,3500.0,100.0,47.95,62.37348354824198,200.0,200.0,,0.0,0.0
Site_1,2025-04-03 09:00:00,294,24.66,3500.0,71.7353114680894,45.87,38.636697705406895,0.0,0.0,,0.0,0.0
Site_2,2025-04-03 09:00:00,363,22.82,3500.0,95.67540728874656,47.38,54.70159628939719,400.0,0.0,,0.0,0.0
Site_3,2025-04-03 09:00:00,444,21.86,3500.0,100.0,47.85,60.95368972401694,0.0,400.0,,0.0,0.0
Site_4,2025-04-03 09:00:00,502,20.92,3500.0,100.0,48.04,63.67955209079155,400.0,400.0,,0.0,0.0
Site_5,2025-04-03 09:00:00,513,20.27,3500.0,100.0,48.04,63.67955209079155,200.0,200.0,,0.0,0.0
Site_1,2025-04-03 10:00:00,356,19.34,3500.0,100.0,47.54,56.754460540854716,0.0,0.0,,0.0,0.0
Site_2,2025-04-03 10:00:00,399,21.43,3500.0,100.0,47.7,58.88436553555893,400.0,0.0,,0.0,0.0
Site_3,2025-04-03 10:00:00,480,19.69,3500.0,100.0,47.98,62.80583588133174,0.0,400.0,,0.0,0.0
Site_4,2025-04-03 10:00:00,533,21.41,3500.0,100.0,48.04,63.67955209079155,400.0,400.0,,0.0,0.0
Site_5,2025-04-03 10:00:00,555,17.43,3500.0,100.0,48.04,63.67955209079155,200.0,200.0,,0.0,0.0
Site_1,2025-04-03 11:00:00,394,22.51,3500.0,100.0,47.68,58.613816451402876,0.0,0.0,,0.0,0.0
Site_2,2025-04-03 11:00:00,435,21.04,3500.0,100.0,47.82,60.53408747539136,400.0,0.0,,0.0,0.0
Site_3,2025-04-03 11:00:00,510,19.09,3500.0,100.0,48.04,63.67955209079155,0.0,400.0,,0.0,0.0
Site_4,2025-04-03 11:00:00,557,17.37,3500.0,100.0,48.04,63.67955209079155,400.0,400.0,,0.0,0.0
Site_5,2025-04-03 11:00:00,598,18.06,3500.0,100.0,48.04,63.67955209079155,200.0,200.0,,0.0,0.0
Site_1,2025-04-03 12:00:00,415,21.83,3500.0,100.0,47.76,59.70352865838366,0.0,0.0,,0.0,0.0
Site_2,2025-04-03 12:00:00,460,20.28,3500.0,100.0,47.91,61.80164001384154,400.0,0.0,,0.0,0.0
Site_3,2025-04-03 12:00:00,534,23.16,3500.0,100.0,48.04,63.67955209079155,0.0,400.0,,0.0,0.0
Site_4,2025-04-03 12:00:00,587,17.88,3500.0,100.0,48.04,63.67955209079155,400.0,400.0,,0.0,0.0
Site_5,2025-04-03 12:00:00,615,17.86,3500.0,100.0,48.04,63.67955209079155,200.0,200.0,,0.0,0.0
Site_1,2025-04-03 13:00:00,427,18.15,3500.0,100.0,47.8,60.255958607435744,0.0,0.0,,0.0,0.0
Site_2,2025-04-03 13:00:00,476,19.16,3500.0,100.0,47.96,62.51726927756859,400.0,0.0,,0.0,0.0
Site_3,2025-04-03 13:00:00,546,21.5,3500.0,100.0,48.04,63.67955209079155,0.0,400.0,,0.0,0.0
Site_4,2025-04-03 13:00:00,592,18.95,3500.0,100.0,48.04,63.67955209079155,400.0,400.0,,0.0,0.0
Site_5,2025-04-03 13:00:00,628,19.37,3500.0,100.0,48.04,63.67955209079155,200.0,200.0,,0.0,0.0
Site_1,2025-04-03 14:00:00,433,22.61,3500.0,100.0,47.82,60.53408747539136,0.0,0.0,,0.0,0.0
Site_2,2025-04-03 14:00:00,485,21.08,3500.0,100.0,47.99,62.95061828571978,400.0,0.0,,0.0,0.0
Site_3,2025-04-03 14:00:00,545,19.04,3500.0,100.0,48.04,63.67955209079155,0.0,400.0,,0.0,0.0
Site_4,2025-04-03 14:00:00,614,16.73,3500.0,100.0,48.04,63.67955209079155,400.0,400.0,,0.0,0.0
Site_5,2025-04-03 14:00:00,635,17.95,3500.0,100.0,48.04,63.67955209079155,200.0,200.0,,0.0,0.0
Site_1,2025-04-03 15:00:00,432,22.4,3500.0,100.0,47.81,60.394862937638,0.0,0.0,,0.0,0.0
Site_2,2025-04-03 15:00:00,490,18.37,3500.0,100.0,48.01,63.241185137621905,400.0,0.0,,0.0,0.0
Site_3,2025-04-03 15:00:00,542,19.46,3500.0,100.0,48.04,63.67955209079155,0.0,400.0,,0.0,0.0
Site_4,2025-04-03 15:00:00,602,18.29,3500.0,100.0,48.04,63.67955209079155,400.0,400.0,,0.0,0.0
Site_5,2025-04-03 15:00:00,630,16.87,3500.0,100.0,48.04,63.67955209079155,200.0,200.0,,0.0,0.0
Site_1,2025-04-03 16:00:00,413,22.85,3500.0,100.0,47.75,59.566214352901035,0.0,0.0,,0.0,0.0
Site_2,2025-04-03 16:00:00,470,19.2,3500.0,100.0,47.94,62.23002851691592,400.0,0.0,,0.0,0.0
Site_3,2025-04-03 16:00:00,526,18.43,3500.0,100.0,48.04,63.67955209079155,0.0,400.0,,0.0,0.0
Site_4,2025-04-03 16:00:00,588,18.01,3500.0,100.0,48.04,63.67955209079155,400.0,400.0,,0.0,0.0
Site_5,2025-04-03 16:00:00,614,17.57,3500.0,100.0,48.04,63.67955209079155,200.0,200.0,,0.0,0.0
Site_1,2025-04-03 17:00:00,395,23.79,3500.0,99.88769086711685,47.68,58.613816451402876,0.0,0.0,,0.0,0.0
Site_2,2025-04-03 17:00:00,432,21.35,3500.0,100.0,47.81,60.394862937638,400.0,0.0,,0.0,0.0
Site_3,2025-04-03 17:00:00,497,19.13,3500.0,100.0,48.03,63.533093185174394,0.0,400.0,,0.0,0.0
Site_4,2025-04-03 17:00:00,565,21.01,3500.0,100.0,48.04,63.67955209079155,400.0,400.0,,0.0,0.0
Site_5,2025-04-03 17:00:00,586,21.2,3500.0,100.0,48.04,63.67955209079155,200.0,200.0,,0.0,0.0
Site_1,2025-04-03 18:00:00,361,23.53,3500.0,92.29334496538203,47.21,52.60172663907063,0.0,0.0,,0.0,0.0
Site_2,2025-04-03 18:00:00,387,23.15,3500.0,100.0,47.66,58.344510427374416,400.0,0.0,,0.0,0.0
Site_3,2025-04-03 18:00:00,469,18.83,3500.0,100.0,47.94,62.23002851691592,0.0,400.0,,0.0,0.0
Site_4,2025-04-03 18:00:00,536,20.74,3500.0,100.0,48.04,63.67955209079155,400.0,400.0,,0.0,0.0
Site_5,2025-04-03 18:00:00,558,21.72,3500.0,100.0,48.04,63.67955209079155,200.0,200.0,,0.0,0.0
Site_1,2025-04-03 19:00:00,321,22.52,3500.0,85.72532875091416,46.75,47.315125896148054,0.0,0.0,,0.0,0.0
Site_2,2025-04-03 19:00:00,346,24.33,3500.0,85.56346001755456,46.83,48.19477976251272,400.0,0.0,,0.0,0.0
Site_3,2025-04-03 19:00:00,427,21.45,3500.0,100.0,47.8,60.255958607435744,0.0,400.0,,0.0,0.0
Site_4,2025-04-03 19:00:00,498,20.71,3500.0,100.0,48.03,63.533093185174394,400.0,400.0,,0.0,0.0
Site_5,2025-04-03 19:00:00,502,18.07,3500.0,100.0,48.04,63.67955209079155,200.0,200.0,,0.0,0.0
Site_1,2025-04-03 20:00:00,273,24.61,3500.0,66.74614854296141,45.47,35.23708710424871,0.0,0.0,,0.0,0.0
Site_2,2025-04-03 20:00:00,319,23.44,3500.0,81.86709711157891,46.54,45.08167045414601,400.0,0.0,,0.0,0.0
Site_3,2025-04-03 20:00:00,377,21.55,3500.0,100.0,47.62,57.80960474057178,0.0,400.0,,0.0,0.0
Site_4,2025-04-03 20:00:00,458,22.57,3500.0,100.0,47.9,61.65950018614819,400.0,400.0,,0.0,0.0
Site_5,2025-04-03 20:00:00,462,18.92,3500.0,100.0,47.92,61.94410750767818,200.0,200.0,,0.0,0.0
Site_1,2025-04-03 21:00:00,199,24.38,3500.0,49.11086258762385,43.84,24.2102904673618,0.0,0.0,,0.0,0.0
Site_2,2025-04-03 21:00:00,285,24.8,3500.0,69.14831480159528,45.68,36.982817978026624,400.0,0.0,,0.0,0.0
Site_3,2025-04-03 21:00:00,335,24.32,3500.0,82.87715051281825,46.65,46.23810213992601,0.0,400.0,,0.0,0.0
Site_4,2025-04-03 21:00:00,418,21.24,3500.0,100.0,47.77,59.841159506032014,400.0,400.0,,0.0,0.0
Site_5,2025-04-03 21:00:00,411,19.28,3500.0,100.0,47.74,59.429215861557296,200.0,200.0,,0.0,0.0
Site_1,2025-04-03 22:00:00,137,26.6,3500.0,30.997293021299935,41.57,14.35489433353656,0.0,0.0,,0.0,0.0
Site_2,2025-04-03 22:00:00,226,26.87,3500.0,50.62166218169168,44.09,25.64484036517719,400.0,0.0,,0.0,0.0
Site_3,2025-04-03 22:00:00,304,24.1,3500.0,75.89139416051428,46.15,41.209751909733,0.0,400.0,,0.0,0.0
Site_4,2025-04-03 22:00:00,360,20.89,3500.0,100.0,47.56,57.01642722807478,400.0,400.0,,0.0,0.0
Site_5,2025-04-03 22:00:00,386,23.18,3500.0,100.0,47.65,58.21032177708713,200.0,200.0,,0.0,0.0
Site_1,2025-04-03 23:00:00,97,27.39,3500.0,21.315425491757296,39.77,9.484184633008978,0.0,0.0,,0.0,0.0
Site_2,2025-04-03 23:00:00,182,24.52,3500.0,44.66008850152231,43.36,21.67704104819694,400.0,0.0,,0.0,0.0
Site_3,2025-04-03 23:00:00,264,23.15,3500.0,68.59608917952201,45.56,35.97493351557425,0.0,400.0,,0.0,0.0
Site_4,2025-04-03 23:00:00,317,22.64,3500.0,84.2113158840411,46.65,46.23810213992601,400.0,400.0,,0.0,0.0
Site_5,2025-04-03 23:00:00,351,20.74,3500.0,100.0,47.53,56.623928903825345,200.0,200.0,,0.0,0.0
Site_1,2025-04-04 00:00:00,74,31.21,3500.0,14.273550010615644,37.91,6.180164001384155,0.0,0.0,,0.0,0.0
Site_2,2025-04-04 00:00:00,159,28.27,3500.0,33.85414125649005,42.05,16.0324539069004,400.0,0.0,,0.0,0.0
Site_3,2025-04-04 00:00:00,245,26.6,3500.0,55.433115257069225,44.56,28.57590543374948,0.0,400.0,,0.0,0.0
Site_4,2025-04-04 00:00:00,303,24.98,3500.0,72.98784457353214,45.98,39.62780342554391,400.0,400.0,,0.0,0.0
Site_5,2025-04-04 00:00:00,321,24.78,3500.0,77.9454538283412,46.33,42.953642676488705,200.0,200.0,,0.0,0.0
Site_1,2025-04-04 01:00:00,81,26.92,3500.0,18.109543567942623,38.98,7.906786279998245,0.0,0.0,,0.0,0.0
Site_2,2025-04-04 01:00:00,132,26.22,3500.0,30.297687720478756,41.45,13.963683610559384,400.0,0.0,,0.0,0.0
Site_3,2025-04-04 01:00:00,235,24.51,3500.0,57.688928657062654,44.69,29.4442163379876,0.0,400.0,,0.0,0.0
Site_4,2025-04-04 01:00:00,285,23.29,3500.0,73.60995089244153,45.95,39.35500754557776,400.0,400.0,,0.0,0.0
Site_5,2025-04-04 01:00:00,320,24.06,3500.0,80.01787826133418,46.44,44.0554863506553,200.0,200.0,,0.0,0.0
Site_1,2025-04-04 02:00:00,88,28.13,3500.0,18.82997165037902,39.18,8.27942163712334,0.0,0.0,,0.0,0.0
Site_2,2025-04-04 02:00:00,139,27.07,3500.0,30.90506560982673,41.57,14.35489433353656,400.0,0.0,,0.0,0.0
Site_3,2025-04-04 02:00:00,228,26.39,3500.0,51.996167729523755,44.21,26.3633138582538,0.0,400.0,,0.0,0.0
Site_4,2025-04-04 02:00:00,279,23.37,3500.0,71.81494149045692,45.82,38.194427084004666,400.0,400.0,,0.0,0.0
Site_5,2025-04-04 02:00:00,310,24.24,3500.0,76.94428740508312,46.24,42.072662838444415,200.0,200.0,,0.0,0.0
Site_1,2025-04-04 03:00:00,100,30.03,3500.0,20.045740126133257,39.51,8.93305483733295,0.0,0.0,,0.0,0.0
Site_2,2025-04-04 03:00:00,144,28.14,3500.0,30.80175048652522,41.58,14.387985782558452,400.0,0.0,,0.0,0.0
Site_3,2025-04-04 03:00:00,241,25.2,3500.0,57.548053410363764,44.7,29.51209226666387,0.0,400.0,,0.0,0.0
Site_4,2025-04-04 03:00:00,291,21.72,3500.0,80.55470022911577,46.36,43.251383103500864,400.0,400.0,,0.0,0.0
Site_5,2025-04-04 03:00:00,317,23.66,3500.0,80.60128327048977,46.46,44.25883723626267,200.0,200.0,,0.0,0.0
Site_1,2025-04-04 04:00:00,119,29.98,3500.0,23.894169178357906,40.36,10.864256236170656,0.0,0.0,,0.0,0.0
Site_2,2025-04-04 04:00:00,159,26.64,3500.0,35.92108045339508,42.31,17.021585083949518,400.0,0.0,,0.0,0.0
Site_3,2025-04-04 04:00:00,244,22.41,3500.0,65.47962549580994,45.28,33.72873086588689,0.0,400.0,,0.0,0.0
Site_4,2025-04-04 04:00:00,299,24.16,3500.0,74.45864880552826,46.05,40.271703432545884,400.0,400.0,,0.0,0.0
Site_5,2025-04-04 04:00:00,338,22.96,3500.0,88.5462768684952,46.95,49.54501908047905,200.0,200.0,,0.0,0.0
Site_1,2025-04-04 05:00:00,141,25.51,3500.0,33.26142577709753,41.9,15.488166189124811,0.0,0.0,,0.0,0.0
Site_2,2025-04-04 05:00:00,167,27.28,3500.0,36.845349106176734,42.46,17.619760464116293,400.0,0.0,,0.0,0.0
Site_3,2025-04-04 05:00:00,274,24.89,3500.0,66.23996935059726,45.45,35.07518739525683,0.0,400.0,,0.0,0.0
Site_4,2025-04-04 05:00:00,322,22.54,3500.0,85.9165887271214,46.76,47.42419852602443,400.0,400.0,,0.0,0.0
Site_5,2025-04-04 05:00:00,361,23.85,3500.0,91.0612234612282,47.16,51.99959965335157,200.0,200.0,,0.0,0.0
Site_1,2025-04-04 06:00:00,182,28.98,3500.0,37.80337037921364,42.63,18.32314422371213,0.0,0.0,,0.0,0.0
Site_2,2025-04-04 06:00:00,203,25.92,3500.0,47.13189549291753,43.68,23.33458062281002,400.0,0.0,,0.0,0.0
Site_3,2025-04-04 06:00:00,292,23.6,3500.0,74.43250765646627,46.02,39.99447497610978,0.0,400.0,,0.0,0.0
Site_4,2025-04-04 06:00:00,353,24.06,3500.0,88.26972195703426,46.99,50.00345349769788,400.0,400.0,,0.0,0.0
Site_5,2025-04-04 06:00:00,399,22.71,3500.0,100.0,47.7,58.88436553555893,200.0,200.0,,0.0,0.0
Site_1,2025-04-04 07:00:00,219,23.43,3500.0,56.22728980697773,44.51,28.24879974915706,0.0,0.0,,0.0,0.0
Site_2,2025-04-04 07:00:00,244,23.18,3500.0,63.31783034835371,45.13,32.583670100200905,400.0,0.0,,0.0,0.0
Site_3,2025-04-04 07:00:00,339,21.51,3500.0,94.75067929564364,47.25,53.08844442309885,0.0,400.0,,0.0,0.0
Site_4,2025-04-04 07:00:00,391,23.55,3500.0,99.87870032607411,47.67,58.47900841444809,400.0,400.0,,0.0,0.0
Site_5,2025-04-04 07:00:00,430,21.36,3500.0,100.0,47.81,60.394862937638,200.0,200.0,,0.0,0.0
Site_1,2025-04-04 08:00:00,268,24.11,3500.0,66.87663248359577,45.46,35.15604405282981,0.0,0.0,,0.0,0.0
Site_2,2025-04-04 08:00:00,307,22.29,3500.0,82.82671111467926,46.54,45.08167045414601,400.0,0.0,,0.0,0.0
Site_3,2025-04-04 08:00:00,382,23.39,3500.0,98.24364651346396,47.56,57.01642722807478,0.0,400.0,,0.0,0.0
Site_4,2025-04-04 08:00:00,456,21.18,3500.0,100.0,47.9,61.65950018614819,400.0,400.0,,0.0,0.0
Site_5,2025-04-04 08:00:00,466,21.29,3500.0,100.0,47.93,62.08690342300634,200.0,200.0,,0.0,0.0
Site_1,2025-04-04 09:00:00,317,25.3,3500.0,75.39783502967052,46.17,41.399967481973064,0.0,0.0,,0.0,0.0
Site_2,2025-04-04 09:00:00,362,21.54,3500.0,100.0,47.57,57.14786366718672,400.0,0.0,,0.0,0.0
Site_3,2025-04-04 09:00:00,433,21.74,3500.0,100.0,47.82,60.53408747539136,0.0,400.0,,0.0,0.0
Site_4,2025-04-04 09:00:00,506,21.7,3500.0,100.0,48.04,63.67955209079155,400.0,400.0,,0.0,0.0
Site_5,2025-04-04 09:00:00,510,19.71,3500.0,100.0,48.04,63.67955209079155,200.0,200.0,,0.0,0.0
Site_1,2025-04-04 10:00:00,361,23.52,3500.0,92.33237985258846,47.22,52.722986142282274,0.0,0.0,,0.0,0.0
Site_2,2025-04-04 10:00:00,395,24.49,3500.0,97.04535612669119,47.55,56.8852930843841,400.0,0.0,,0.0,0.0
Site_3,2025-04-04 10:00:00,466,21.3,3500.0,100.0,47.93,62.08690342300634,0.0,400.0,,0.0,0.0
Site_4,2025-04-04 10:00:00,539,21.49,3500.0,100.0,48.04,63.67955209079155,400.0,400.0,,0.0,0.0
Site_5,2025-04-04 10:00:00,550,18.65,3500.0,100.0,48.04,63.67955209079155,200.0,200.0,,0.0,0.0
Site_1,2025-04-04 11:00:00,394,18.85,3500.0,100.0,47.68,58.613816451402876,0.0,0.0,,0.0,0.0
Site_2,2025-04-04 11:00:00,431,21.46,3500.0,100.0,47.81,60.394862937638,400.0,0.0,,0.0,0.0
Site_3,2025-04-04 11:00:00,499,20.4,3500.0,100.0,48.04,63.67955209079155,0.0,400.0,,0.0,0.0
Site_4,2025-04-04 11:00:00,566,17.89,3500.0,100.0,48.04,63.67955209079155,400.0,400.0,,0.0,0.0
Site_5,2025-04-04 11:00:00,595,18.92,3500.0,100.0,48.04,63.67955209079155,200.0,200.0,,0.0,0.0
Site_1,2025-04-04 12:00:00,411,21.52,3500.0,100.0,47.74,59.429215861557296,0.0,0.0,,0.0,0.0
Site_2,2025-04-04 12:00:00,464,20.29,3500.0,100.0,47.92,61.94410750767818,400.0,0.0,,0.0,0.0
Site_3,2025-04-04 12:00:00,521,20.01,3500.0,100.0,48.04,63.67955209079155,0.0,400.0,,0.0,0.0
Site_4,2025-04-04 12:00:00,594,21.33,3500.0,100.0,48.04,63.67955209079155,400.0,400.0,,0.0,0.0
Site_5,2025-04-04 12:00:00,614,16.94,3500.0,100.0,48.04,63.67955209079155,200.0,200.0,,0.0,0.0
Site_1,2025-04-04 13:00:00,427,20.04,3500.0,100.0,47.8,60.255958607435744,0.0,0.0,,0.0,0.0
Site_2,2025-04-04 13:00:00,484,16.52,3500.0,100.0,47.99,62.95061828571978,400.0,0.0,,0.0,0.0
Site_3,2025-04-04 13:00:00,540,18.54,3500.0,100.0,48.04,63.67955209079155,0.0,400.0,,0.0,0.0
Site_4,2025-04-04 13:00:00,602,17.04,3500.0,100.0,48.04,63.67955209079155,400.0,400.0,,0.0,0.0
Site_5,2025-04-04 13:00:00,631,15.93,3500.0,100.0,48.04,63.67955209079155,200.0,200.0,,0.0,0.0
Site_1,2025-04-04 14:00:00,432,20.81,3500.0,100.0,47.81,60.394862937638,0.0,0.0,,0.0,0.0
Site_2,2025-04-04 14:00:00,492,21.48,3500.0,100.0,48.02,63.38697112569273,400.0,0.0,,0.0,0.0
Site_3,2025-04-04 14:00:00,545,19.18,3500.0,100.0,48.04,63.67955209079155,0.0,400.0,,0.0,0.0
Site_4,2025-04-04 14:00:00,608,15.86,3500.0,100.0,48.04,63.67955209079155,400.0,400.0,,0.0,0.0
Site_5,2025-04-04 14:00:00,631,18.86,3500.0,100.0,48.04,63.67955209079155,200.0,200.0,,0.0,0.0
Site_1,2025-04-04 15:00:00,424,22.84,3500.0,100.0,47.79,60.11737374832779,0.0,0.0,,0.0,0.0
Site_2,2025-04-04 15:00:00,494,16.37,3500.0,100.0,48.02,63.38697112569273,400.0,0.0,,0.0,0.0
Site_3,2025-04-04 15:00:00,547,17.13,3500.0,100.0,48.04,63.67955209079155,0.0,400.0,,0.0,0.0
Site_4,2025-04-04 15:00:00,613,16.73,3500.0,100.0,48.04,63.67955209079155,400.0,400.0,,0.0,0.0
Site_5,2025-04-04 15:00:00,621,14.1,3500.0,100.0,48.04,63.67955209079155,200.0,200.0,,0.0,0.0
Site_1,2025-04-04 16:00:00,411,17.55,3500.0,100.0,47.74,59.429215861557296,0.0,0.0,,0.0,0.0
Site_2,2025-04-04 16:00:00,479,22.57,3500.0,100.0,47.97,62.66138646723353,400.0,0.0,,0.0,0.0
Site_3,2025-04-04 16:00:00,519,20.53,3500.0,100.0,48.04,63.67955209079155,0.0,400.0,,0.0,0.0
Site_4,2025-04-04 16:00:00,583,18.1,3500.0,100.0,48.04,63.67955209079155,400.0,400.0,,0.0,0.0
Site_5,2025-04-04 16:00:00,599,16.77,3500.0,100.0,48.04,63.67955209079155,200.0,200.0,,0.0,0.0
Site_1,2025-04-04 17:00:00,389,24.33,3500.0,96.19706921048765,47.5,56.23413251903491,0.0,0.0,,0.0,0.0
Site_2,2025-04-04 17:00:00,466,22.09,3500.0,100.0,47.93,62.08690342300634,400.0,0.0,,0.0,0.0
Site_3,2025-04-04 17:00:00,493,21.53,3500.0,100.0,48.02,63.38697112569273,0.0,400.0,,0.0,0.0
Site_4,2025-04-04 17:00:00,564,20.8,3500.0,100.0,48.04,63.67955209079155,400.0,400.0,,0.0,0.0
Site_5,2025-04-04 17:00:00,578,17.58,3500.0,100.0,48.04,63.67955209079155,200.0,200.0,,0.0,0.0
Site_1,2025-04-04 18:00:00,357,22.38,3500.0,95.93175173599703,47.37,54.57578610912705,0.0,0.0,,0.0,0.0
Site_2,2025-04-04 18:00:00,420,22.81,3500.0,100.0,47.77,59.841159506032014,400.0,0.0,,0.0,0.0
Site_3,2025-04-04 18:00:00,465,19.99,3500.0,100.0,47.93,62.08690342300634,0.0,400.0,,0.0,0.0
Site_4,2025-04-04 18:00:00,522,19.77,3500.0,100.0,48.04,63.67955209079155,400.0,400.0,,0.0,0.0
Site_5,2025-04-04 18:00:00,551,18.95,3500.0,100.0,48.04,63.67955209079155,200.0,200.0,,0.0,0.0
Site_1,2025-04-04 19:00:00,308,25.23,3500.0,73.45974544545356,46.03,40.0866717627303,0.0,0.0,,0.0,0.0
Site_2,2025-04-04 19:00:00,352,20.87,3500.0,100.0,47.53,56.623928903825345,400.0,0.0,,0.0,0.0
Site_3,2025-04-04 19:00:00,411,20.52,3500.0,100.0,47.74,59.429215861557296,0.0,400.0,,0.0,0.0
Site_4,2025-04-04 19:00:00,488,21.52,3500.0,100.0,48.0,63.09573444801933,400.0,400.0,,0.0,0.0
Site_5,2025-04-04 19:00:00,495,19.87,3500.0,100.0,48.02,63.38697112569273,200.0,200.0,,0.0,0.0
Site_1,2025-04-04 20:00:00,263,26.69,3500.0,59.3055992048938,44.92,31.04559588128357,0.0,0.0,,0.0,0.0
Site_2,2025-04-04 20:00:00,294,23.52,3500.0,75.19589938133242,46.07,40.45758916974427,400.0,0.0,,0.0,0.0
Site_3,2025-04-04 20:00:00,369,19.95,3500.0,100.0,47.59,57.4116462207328,0.0,400.0,,0.0,0.0
Site_4,2025-04-04 20:00:00,439,21.34,3500.0,100.0,47.84,60.813500127871826,400.0,400.0,,0.0,0.0
Site_5,2025-04-04 20:00:00,461,20.77,3500.0,100.0,47.91,61.80164001384154,200.0,200.0,,0.0,0.0
Site_1,2025-04-04 21:00:00,217,25.77,3500.0,50.67474102172608,44.05,25.40972705549304,0.0,0.0,,0.0,0.0
Site_2,2025-04-04 21:00:00,272,25.76,3500.0,63.54315102555966,45.26,33.573761424295455,400.0,0.0,,0.0,0.0
Site_3,2025-04-04 21:00:00,322,25.15,3500.0,77.0422498371648,46.29,42.55984131337431,0.0,400.0,,0.0,0.0
Site_4,2025-04-04 21:00:00,402,21.98,3500.0,100.0,47.71,59.02010801718445,400.0,400.0,,0.0,0.0
Site_5,2025-04-04 21:00:00,428,21.58,3500.0,100.0,47.8,60.255958607435744,200.0,200.0,,0.0,0.0
Site_1,2025-04-04 22:00:00,158,25.92,3500.0,36.683938363945664,42.4,17.378008287493746,0.0,0.0,,0.0,0.0
Site_2,2025-04-04 22:00:00,237,23.26,3500.0,61.29099666714698,44.96,31.332857243155857,400.0,0.0,,0.0,0.0
Site_3,2025-04-04 22:00:00,284,22.84,3500.0,74.78834482737881,46.01,39.902490236214184,0.0,400.0,,0.0,0.0
Site_4,2025-04-04 22:00:00,376,24.25,3500.0,93.28765946874671,47.32,53.95106225151276,400.0,400.0,,0.0,0.0
Site_5,2025-04-04 22:00:00,390,21.8,3500.0,100.0,47.67,58.47900841444809,200.0,200.0,,0.0,0.0
Site_1,2025-04-04 23:00:00,115,28.16,3500.0,24.581180382909846,40.47,11.142945335917299,0.0,0.0,,0.0,0.0
Site_2,2025-04-04 23:00:00,192,27.49,3500.0,42.03819806739397,43.14,20.606299132700006,400.0,0.0,,0.0,0.0
Site_3,2025-04-04 23:00:00,268,23.97,3500.0,67.2654178452168,45.49,35.39973410834348,0.0,400.0,,0.0,0.0
Site_4,2025-04-04 23:00:00,340,22.2,3500.0,92.09914755574428,47.13,51.64163692720713,400.0,400.0,,0.0,0.0
Site_5,2025-04-04 23:00:00,357,22.56,3500.0,95.17145830705547,47.33,54.07543229455807,200.0,200.0,,0.0,0.0
Site_1,2025-04-05 00:00:00,87,30.82,3500.0,16.993222423266378,38.73,7.4644875841006595,0.0,0.0,,0.0,0.0
Site_2,2025-04-05 00:00:00,172,29.83,3500.0,34.70957114141309,42.22,16.672472125510627,400.0,0.0,,0.0,0.0
Site_3,2025-04-05 00:00:00,251,25.98,3500.0,58.14219326138519,44.79,30.130060241861205,0.0,400.0,,0.0,0.0
Site_4,2025-04-05 00:00:00,317,22.84,3500.0,83.47853982492634,46.62,45.91980128368683,400.0,400.0,,0.0,0.0
Site_5,2025-04-05 00:00:00,339,25.46,3500.0,80.12548933479037,46.52,44.87453899331325,200.0,200.0,,0.0,0.0
Site_1,2025-04-05 01:00:00,81,27.8,3500.0,17.537492675079726,38.84,7.655966069112569,0.0,0.0,,0.0,0.0
Site_2,2025-04-05 01:00:00,142,25.6,3500.0,33.3799399842319,41.92,15.55965631605075,400.0,0.0,,0.0,0.0
Site_3,2025-04-05 01:00:00,231,24.58,3500.0,56.54616072384476,44.59,28.77398414735671,0.0,400.0,,0.0,0.0
Site_4,2025-04-05 01:00:00,297,24.58,3500.0,72.70220664494325,45.94,39.26449353995997,400.0,400.0,,0.0,0.0
Site_5,2025-04-05 01:00:00,321,20.94,3500.0,92.13957505966043,47.06,50.81594425605608,200.0,200.0,,0.0,0.0
Site_1,2025-04-05 02:00:00,81,25.74,3500.0,18.937434000894456,39.18,8.27942163712334,0.0,0.0,,0.0,0.0
Site_2,2025-04-05 02:00:00,132,29.31,3500.0,27.109561943580676,40.97,12.5025903021772,400.0,0.0,,0.0,0.0
Site_3,2025-04-05 02:00:00,222,24.1,3500.0,55.420689156691346,44.46,27.925438412373392,0.0,400.0,,0.0,0.0
Site_4,2025-04-05 02:00:00,300,24.26,3500.0,74.40109759627768,46.05,40.271703432545884,400.0,400.0,,0.0,0.0
Site_5,2025-04-05 02:00:00,312,24.09,3500.0,77.92072039788908,46.3,42.65795188015923,200.0,200.0,,0.0,0.0
Site_1,2025-04-05 03:00:00,93,28.91,3500.0,19.36381092765981,39.33,8.570378452303693,0.0,0.0,,0.0,0.0
Site_2,2025-04-05 03:00:00,145,26.79,3500.0,32.575253371058174,41.83,15.240527537972907,400.0,0.0,,0.0,0.0
Site_3,2025-04-05 03:00:00,228,24.18,3500.0,56.73108100321626,44.59,28.77398414735671,0.0,400.0,,0.0,0.0
Site_4,2025-04-05 03:00:00,289,25.02,3500.0,69.50458453286646,45.71,37.239170625456865,400.0,400.0,,0.0,0.0
Site_5,2025-04-05 03:00:00,318,24.73,3500.0,77.37249937056916,46.29,42.55984131337431,200.0,200.0,,0.0,0.0
Site_1,2025-04-05 04:00:00,128,26.91,3500.0,28.628159792272545,41.19,13.152248321922377,0.0,0.0,,0.0,0.0
Site_2,2025-04-05 04:00:00,158,25.25,3500.0,37.65415105980336,42.51,17.82378767448089,400.0,0.0,,0.0,0.0
Site_3,2025-04-05 04:00:00,233,24.58,3500.0,57.03573787296896,44.63,29.040226544644526,0.0,400.0,,0.0,0.0
Site_4,2025-04-05 04:00:00,300,25.05,3500.0,72.0639972490392,45.91,38.99419866765432,400.0,400.0,,0.0,0.0
Site_5,2025-04-05 04:00:00,335,22.83,3500.0,88.25704963072862,46.92,49.20395356814511,200.0,200.0,,0.0,0.0
Site_1,2025-04-05 05:00:00,162,27.67,3500.0,35.23945441174583,42.24,16.749428760264383,0.0,0.0,,0.0,0.0
Site_2,2025-04-05 05:00:00,186,26.54,3500.0,42.178813265661134,43.13,20.558905959841425,400.0,0.0,,0.0,0.0
Site_3,2025-04-05 05:00:00,261,23.02,3500.0,68.19733572690461,45.52,35.64511334262445,0.0,400.0,,0.0,0.0
Site_4,2025-04-05 05:00:00,315,22.38,3500.0,84.64566329646796,46.67,46.45152752227497,400.0,400.0,,0.0,0.0
Site_5,2025-04-05 05:00:00,356,20.96,3500.0,100.0,47.54,56.754460540854716,200.0,200.0,,0.0,0.0
Site_1,2025-04-05 06:00:00,199,24.68,3500.0,48.51634310287188,43.79,23.933157564053875,0.0,0.0,,0.0,0.0
Site_2,2025-04-05 06:00:00,217,26.23,3500.0,49.78862625391452,43.98,25.003453616964297,400.0,0.0,,0.0,0.0
Site_3,2025-04-05 06:00:00,292,21.23,3500.0,82.68111953748151,46.48,44.46312674691084,0.0,400.0,,0.0,0.0
Site_4,2025-04-05 06:00:00,355,22.26,3500.0,95.90498691632776,47.36,54.450265284242114,400.0,400.0,,0.0,0.0
Site_5,2025-04-05 06:00:00,387,18.27,3500.0,100.0,47.66,58.344510427374416,200.0,200.0,,0.0,0.0
Site_1,2025-04-05 07:00:00,244,26.01,3500.0,56.45569741130661,44.63,29.040226544644526,0.0,0.0,,0.0,0.0
Site_2,2025-04-05 07:00:00,264,24.44,3500.0,64.9928301871612,45.32,34.04081897010009,400.0,0.0,,0.0,0.0
Site_3,2025-04-05 07:00:00,326,22.85,3500.0,85.81125336139105,46.77,47.53352259428056,0.0,400.0,,0.0,0.0
Site_4,2025-04-05 07:00:00,400,21.19,3500.0,100.0,47.7,58.88436553555893,400.0,400.0,,0.0,0.0
Site_5,2025-04-05 07:00:00,433,21.26,3500.0,100.0,47.82,60.53408747539136,200.0,200.0,,0.0,0.0
Site_1,2025-04-05 08:00:00,291,24.23,3500.0,72.25802463297427,45.89,38.815036599064825,0.0,0.0,,0.0,0.0
Site_2,2025-04-05 08:00:00,302,21.8,3500.0,83.295366729282,46.55,45.18559443749221,400.0,0.0,,0.0,0.0
Site_3,2025-04-05 08:00:00,369,22.78,3500.0,97.42653307287756,47.48,55.97576014951099,0.0,400.0,,0.0,0.0
Site_4,2025-04-05 08:00:00,440,20.26,3500.0,100.0,47.84,60.813500127871826,400.0,400.0,,0.0,0.0
Site_5,2025-04-05 08:00:00,469,18.9,3500.0,100.0,47.94,62.23002851691592,200.0,200.0,,0.0,0.0
Site_1,2025-04-05 09:00:00,329,22.72,3500.0,87.09334559112163,46.84,48.30588020397731,0.0,0.0,,0.0,0.0
Site_2,2025-04-05 09:00:00,320,22.76,3500.0,84.56291325557706,46.68,46.55860935229589,400.0,0.0,,0.0,0.0
Site_3,2025-04-05 09:00:00,414,22.07,3500.0,100.0,47.75,59.566214352901035,0.0,400.0,,0.0,0.0
Site_4,2025-04-05 09:00:00,486,18.23,3500.0,100.0,48.0,63.09573444801933,400.0,400.0,,0.0,0.0
Site_5,2025-04-05 09:00:00,504,18.68,3500.0,100.0,48.04,63.67955209079155,200.0,200.0,,0.0,0.0
Site_1,2025-04-05 10:00:00,367,22.58,3500.0,97.7512351426192,47.49,56.104797603247064,0.0,0.0,,0.0,0.0
Site_2,2025-04-05 10:00:00,366,24.03,3500.0,91.6341764821435,47.2,52.480746024977286,400.0,0.0,,0.0,0.0
Site_3,2025-04-05 10:00:00,460,23.24,3500.0,100.0,47.91,61.80164001384154,0.0,400.0,,0.0,0.0
Site_4,2025-04-05 10:00:00,523,18.82,3500.0,100.0,48.04,63.67955209079155,400.0,400.0,,0.0,0.0
Site_5,2025-04-05 10:00:00,542,18.88,3500.0,100.0,48.04,63.67955209079155,200.0,200.0,,0.0,0.0
Site_1,2025-04-05 11:00:00,393,22.12,3500.0,100.0,47.68,58.613816451402876,0.0,0.0,,0.0,0.0
Site_2,2025-04-05 11:00:00,410,23.54,3500.0,100.0,47.74,59.429215861557296,400.0,0.0,,0.0,0.0
Site_3,2025-04-05 11:00:00,504,21.52,3500.0,100.0,48.04,63.67955209079155,0.0,400.0,,0.0,0.0
Site_4,2025-04-05 11:00:00,561,19.93,3500.0,100.0,48.04,63.67955209079155,400.0,400.0,,0.0,0.0
Site_5,2025-04-05 11:00:00,589,21.03,3500.0,100.0,48.04,63.67955209079155,200.0,200.0,,0.0,0.0
Site_1,2025-04-05 12:00:00,416,23.91,3500.0,100.0,47.76,59.70352865838366,0.0,0.0,,0.0,0.0
Site_2,2025-04-05 12:00:00,436,22.83,3500.0,100.0,47.83,60.673632958850526,400.0,0.0,,0.0,0.0
Site_3,2025-04-05 12:00:00,526,20.93,3500.0,100.0,48.04,63.67955209079155,0.0,400.0,,0.0,0.0
Site_4,2025-04-05 12:00:00,582,17.89,3500.0,100.0,48.04,63.67955209079155,400.0,400.0,,0.0,0.0
Site_5,2025-04-05 12:00:00,617,16.13,3500.0,100.0,48.04,63.67955209079155,200.0,200.0,,0.0,0.0
Site_1,2025-04-05 13:00:00,431,17.98,3500.0,100.0,47.81,60.394862937638,0.0,0.0,,0.0,0.0
Site_2,2025-04-05 13:00:00,466,18.56,3500.0,100.0,47.93,62.08690342300634,400.0,0.0,,0.0,0.0
Site_3,2025-04-05 13:00:00,544,20.9,3500.0,100.0,48.04,63.67955209079155,0.0,400.0,,0.0,0.0
Site_4,2025-04-05 13:00:00,595,17.43,3500.0,100.0,48.04,63.67955209079155,400.0,400.0,,0.0,0.0
Site_5,2025-04-05 13:00:00,627,18.79,3500.0,100.0,48.04,63.67955209079155,200.0,200.0,,0.0,0.0
Site_1,2025-04-05 14:00:00,433,21.31,3500.0,100.0,47.82,60.53408747539136,0.0,0.0,,0.0,0.0
Site_2,2025-04-05 14:00:00,483,20.08,3500.0,100.0,47.99,62.95061828571978,400.0,0.0,,0.0,0.0
Site_3,2025-04-05 14:00:00,549,20.72,3500.0,100.0,48.04,63.67955209079155,0.0,400.0,,0.0,0.0
Site_4,2025-04-05 14:00:00,608,20.11,3500.0,100.0,48.04,63.67955209079155,400.0,400.0,,0.0,0.0
Site_5,2025-04-05 14:00:00,636,15.25,3500.0,100.0,48.04,63.67955209079155,200.0,200.0,,0.0,0.0
Site_1,2025-04-05 15:00:00,420,21.99,3500.0,100.0,47.77,59.841159506032014,0.0,0.0,,0.0,0.0
Site_2,2025-04-05 15:00:00,486,18.89,3500.0,100.0,48.0,63.09573444801933,400.0,0.0,,0.0,0.0
Site_3,2025-04-05 15:00:00,548,17.81,3500.0,100.0,48.04,63.67955209079155,0.0,400.0,,0.0,0.0
Site_4,2025-04-05 15:00:00,601,17.45,3500.0,100.0,48.04,63.67955209079155,400.0,400.0,,0.0,0.0
Site_5,2025-04-05 15:00:00,625,17.95,3500.0,100.0,48.04,63.67955209079155,200.0,200.0,,0.0,0.0
Site_1,2025-04-05 16:00:00,401,22.15,3500.0,100.0,47.71,59.02010801718445,0.0,0.0,,0.0,0.0
Site_2,2025-04-05 16:00:00,466,19.4,3500.0,100.0,47.93,62.08690342300634,400.0,0.0,,0.0,0.0
Site_3,2025-04-05 16:00:00,538,17.04,3500.0,100.0,48.04,63.67955209079155,0.0,400.0,,0.0,0.0
Site_4,2025-04-05 16:00:00,600,18.22,3500.0,100.0,48.04,63.67955209079155,400.0,400.0,,0.0,0.0
Site_5,2025-04-05 16:00:00,610,16.26,3500.0,100.0,48.04,63.67955209079155,200.0,200.0,,0.0,0.0
Site_1,2025-04-05 17:00:00,373,23.89,3500.0,93.93141336554642,47.33,54.07543229455807,0.0,0.0,,0.0,0.0
Site_2,2025-04-05 17:00:00,427,23.16,3500.0,100.0,47.8,60.255958607435744,400.0,0.0,,0.0,0.0
Site_3,2025-04-05 17:00:00,510,18.93,3500.0,100.0,48.04,63.67955209079155,0.0,400.0,,0.0,0.0
Site_4,2025-04-05 17:00:00,582,21.2,3500.0,100.0,48.04,63.67955209079155,400.0,400.0,,0.0,0.0
Site_5,2025-04-05 17:00:00,586,18.4,3500.0,100.0,48.04,63.67955209079155,200.0,200.0,,0.0,0.0
Site_1,2025-04-05 18:00:00,328,23.27,3500.0,84.78842098258569,46.72,46.98941086052154,0.0,0.0,,0.0,0.0
Site_2,2025-04-05 18:00:00,376,20.1,3500.0,100.0,47.62,57.80960474057178,400.0,0.0,,0.0,0.0
Site_3,2025-04-05 18:00:00,465,18.08,3500.0,100.0,47.93,62.08690342300634,0.0,400.0,,0.0,0.0
Site_4,2025-04-05 18:00:00,543,22.16,3500.0,100.0,48.04,63.67955209079155,400.0,400.0,,0.0,0.0
Site_5,2025-04-05 18:00:00,559,19.13,3500.0,100.0,48.04,63.67955209079155,200.0,200.0,,0.0,0.0
Site_1,2025-04-05 19:00:00,269,21.22,3500.0,76.20413684228745,46.03,40.0866717627303,0.0,0.0,,0.0,0.0
Site_2,2025-04-05 19:00:00,354,21.23,3500.0,100.0,47.54,56.754460540854716,400.0,0.0,,0.0,0.0
Site_3,2025-04-05 19:00:00,422,20.31,3500.0,100.0,47.78,59.979107625550945,0.0,400.0,,0.0,0.0
Site_4,2025-04-05 19:00:00,504,17.42,3500.0,100.0,48.04,63.67955209079155,400.0,400.0,,0.0,0.0
Site_5,2025-04-05 19:00:00,533,18.52,3500.0,100.0,48.04,63.67955209079155,200.0,200.0,,0.0,0.0
Site_1,2025-04-05 20:00:00,226,23.81,3500.0,57.103161622462,44.61,28.906798823654746,0.0,0.0,,0.0,0.0
Site_2,2025-04-05 20:00:00,313,21.57,3500.0,87.24234977650552,46.79,47.75292736576907,400.0,0.0,,0.0,0.0
Site_3,2025-04-05 20:00:00,368,21.88,3500.0,100.0,47.59,57.4116462207328,0.0,400.0,,0.0,0.0
Site_4,2025-04-05 20:00:00,458,19.38,3500.0,100.0,47.9,61.65950018614819,400.0,400.0,,0.0,0.0
Site_5,2025-04-05 20:00:00,488,19.7,3500.0,100.0,48.0,63.09573444801933,200.0,200.0,,0.0,0.0
Site_1,2025-04-05 21:00:00,195,28.27,3500.0,41.51922984286515,43.1,20.417379446695296,0.0,0.0,,0.0,0.0
Site_2,2025-04-05 21:00:00,260,24.56,3500.0,63.69664537762193,45.22,33.265955329400434,400.0,0.0,,0.0,0.0
Site_3,2025-04-05 21:00:00,333,23.26,3500.0,86.11772949434575,46.81,47.97334486366894,0.0,400.0,,0.0,0.0
Site_4,2025-04-05 21:00:00,428,18.84,3500.0,100.0,47.8,60.255958607435744,400.0,400.0,,0.0,0.0
Site_5,2025-04-05 21:00:00,445,21.07,3500.0,100.0,47.86,61.09420249055721,200.0,200.0,,0.0,0.0
Site_1,2025-04-05 22:00:00,150,27.38,3500.0,32.97401147397038,41.9,15.488166189124811,0.0,0.0,,0.0,0.0
Site_2,2025-04-05 22:00:00,188,25.77,3500.0,43.90254060868435,43.31,21.428906011200596,400.0,0.0,,0.0,0.0
Site_3,2025-04-05 22:00:00,295,23.27,3500.0,76.25787862763043,46.14,41.114972110452236,0.0,400.0,,0.0,0.0
Site_4,2025-04-05 22:00:00,367,22.42,3500.0,98.44416756587424,47.52,56.493697481230285,400.0,400.0,,0.0,0.0
Site_5,2025-04-05 22:00:00,406,21.74,3500.0,100.0,47.72,59.15616341754737,200.0,200.0,,0.0,0.0
Site_1,2025-04-05 23:00:00,123,26.51,3500.0,27.92392385823586,41.06,12.764388088113447,0.0,0.0,,0.0,0.0
Site_2,2025-04-05 23:00:00,142,25.81,3500.0,33.10919573219551,41.88,15.4170045294956,400.0,0.0,,0.0,0.0
Site_3,2025-04-05 23:00:00,266,25.69,3500.0,62.3102578664231,45.15,32.734069487883815,0.0,400.0,,0.0,0.0
Site_4,2025-04-05 23:00:00,314,25.98,3500.0,72.73565212778864,46.01,39.902490236214184,400.0,400.0,,0.0,0.0
Site_5,2025-04-05 23:00:00,368,23.95,3500.0,92.44122081029668,47.25,53.08844442309885,200.0,200.0,,0.0,0.0
Site_1,2025-04-06 00:00:00,105,28.57,3500.0,22.122140132708655,39.96,9.908319448927678,0.0,0.0,,0.0,0.0
Site_2,2025-04-06 00:00:00,109,26.27,3500.0,24.971058364153176,40.51,11.246049739669257,400.0,0.0,,0.0,0.0
Site_3,2025-04-06 00:00:00,232,24.13,3500.0,57.84543807693952,44.69,29.4442163379876,0.0,400.0,,0.0,0.0
Site_4,2025-04-06 00:00:00,299,24.36,3500.0,73.85001065849397,46.02,39.99447497610978,400.0,400.0,,0.0,0.0
Site_5,2025-04-06 00:00:00,340,25.09,3500.0,81.54279627519145,46.6,45.708818961487516,200.0,200.0,,0.0,0.0
Site_1,2025-04-06 01:00:00,99,28.45,3500.0,20.945852458695132,39.7,9.332543007969917,0.0,0.0,,0.0,0.0
Site_2,2025-04-06 01:00:00,106,28.22,3500.0,22.609346798810783,40.06,10.1391138573668,400.0,0.0,,0.0,0.0
Site_3,2025-04-06 01:00:00,220,24.88,3500.0,53.20667235679892,44.28,26.791683248190328,0.0,400.0,,0.0,0.0
Site_4,2025-04-06 01:00:00,293,24.15,3500.0,72.9945719785763,45.94,39.26449353995997,400.0,400.0,,0.0,0.0
Site_5,2025-04-06 01:00:00,321,22.52,3500.0,85.72532875091416,46.75,47.315125896148054,200.0,200.0,,0.0,0.0
Site_1,2025-04-06 02:00:00,109,25.02,3500.0,26.214531882638216,40.72,11.803206356517292,0.0,0.0,,0.0,0.0
Site_2,2025-04-06 02:00:00,123,28.46,3500.0,26.01450595599573,40.75,11.885022274370183,400.0,0.0,,0.0,0.0
Site_3,2025-04-06 02:00:00,206,28.29,3500.0,43.83038492162989,43.38,21.777097723531604,0.0,400.0,,0.0,0.0
Site_4,2025-04-06 02:00:00,280,25.12,3500.0,67.07298175655761,45.52,35.64511334262445,400.0,400.0,,0.0,0.0
Site_5,2025-04-06 02:00:00,329,27.19,3500.0,72.82728539368475,46.07,40.45758916974427,200.0,200.0,,0.0,0.0
Site_1,2025-04-06 03:00:00,108,27.77,3500.0,23.408536047635348,40.22,10.519618738232223,0.0,0.0,,0.0,0.0
Site_2,2025-04-06 03:00:00,138,26.76,3500.0,31.037326536941187,41.58,14.387985782558452,400.0,0.0,,0.0,0.0
Site_3,2025-04-06 03:00:00,228,24.56,3500.0,55.8570582542223,44.52,28.313919957993818,0.0,400.0,,0.0,0.0
Site_4,2025-04-06 03:00:00,270,25.12,3500.0,64.67751812239484,45.33,34.119291162192845,400.0,400.0,,0.0,0.0
Site_5,2025-04-06 03:00:00,331,24.03,3500.0,82.87134539778552,46.64,46.13175745603795,200.0,200.0,,0.0,0.0
Site_1,2025-04-06 04:00:00,126,26.9,3500.0,28.191296182914833,41.11,12.91219273613534,0.0,0.0,,0.0,0.0
Site_2,2025-04-06 04:00:00,166,25.41,3500.0,39.31243714201444,42.73,18.749945080674173,400.0,0.0,,0.0,0.0
Site_3,2025-04-06 04:00:00,249,24.6,3500.0,60.903002088719546,44.98,31.477483141013142,0.0,400.0,,0.0,0.0
Site_4,2025-04-06 04:00:00,293,24.87,3500.0,70.88999789025075,45.81,38.10658233937732,400.0,400.0,,0.0,0.0
Site_5,2025-04-06 04:00:00,343,22.68,3500.0,90.95856616098433,47.09,51.16818355403081,200.0,200.0,,0.0,0.0
Site_1,2025-04-06 05:00:00,157,27.78,3500.0,34.016849659855865,42.07,16.106456351782708,0.0,0.0,,0.0,0.0
Site_2,2025-04-06 05:00:00,184,27.07,3500.0,40.91030267775624,42.98,19.860949173573697,400.0,0.0,,0.0,0.0
Site_3,2025-04-06 05:00:00,280,24.53,3500.0,68.6799345855746,45.63,36.5594791613125,0.0,400.0,,0.0,0.0
Site_4,2025-04-06 05:00:00,327,22.9,3500.0,85.88768818060716,46.78,47.643098680541584,400.0,400.0,,0.0,0.0
Site_5,2025-04-06 05:00:00,371,27.12,3500.0,82.33588562278977,46.76,47.42419852602443,200.0,200.0,,0.0,0.0
Site_1,2025-04-06 06:00:00,200,26.14,3500.0,46.04568461900545,43.57,22.750974307720703,0.0,0.0,,0.0,0.0
Site_2,2025-04-06 06:00:00,221,23.29,3500.0,57.07999700782308,44.59,28.77398414735671,400.0,0.0,,0.0,0.0
Site_3,2025-04-06 06:00:00,321,21.37,3500.0,90.30239501941506,46.97,49.77370849789358,0.0,400.0,,0.0,0.0
Site_4,2025-04-06 06:00:00,367,24.45,3500.0,90.31308416903265,47.14,51.760683195056764,400.0,400.0,,0.0,0.0
Site_5,2025-04-06 06:00:00,414,21.44,3500.0,100.0,47.75,59.566214352901035,200.0,200.0,,0.0,0.0
Site_1,2025-04-06 07:00:00,268,23.69,3500.0,68.05655300994954,45.54,35.809643710263586,0.0,0.0,,0.0,0.0
Site_2,2025-04-06 07:00:00,269,25.9,3500.0,62.50365012267556,45.17,32.885163087598315,400.0,0.0,,0.0,0.0
Site_3,2025-04-06 07:00:00,384,22.91,3500.0,100.0,47.65,58.21032177708713,0.0,400.0,,0.0,0.0
Site_4,2025-04-06 07:00:00,441,19.97,3500.0,100.0,47.84,60.813500127871826,400.0,400.0,,0.0,0.0
Site_5,2025-04-06 07:00:00,475,22.05,3500.0,100.0,47.96,62.51726927756859,200.0,200.0,,0.0,0.0
Site_1,2025-04-06 08:00:00,316,23.13,3500.0,82.17802938160635,46.54,45.08167045414601,0.0,0.0,,0.0,0.0
Site_2,2025-04-06 08:00:00,330,22.08,3500.0,89.87263029018474,46.99,50.00345349769788,400.0,0.0,,0.0,0.0
Site_3,2025-04-06 08:00:00,428,19.99,3500.0,100.0,47.8,60.255958607435744,0.0,400.0,,0.0,0.0
Site_4,2025-04-06 08:00:00,501,23.11,3500.0,100.0,48.04,63.67955209079155,400.0,400.0,,0.0,0.0
Site_5,2025-04-06 08:00:00,529,18.61,3500.0,100.0,48.04,63.67955209079155,200.0,200.0,,0.0,0.0
Site_1,2025-04-06 09:00:00,364,21.48,3500.0,100.0,47.57,57.14786366718672,0.0,0.0,,0.0,0.0
Site_2,2025-04-06 09:00:00,414,22.45,3500.0,100.0,47.75,59.566214352901035,400.0,0.0,,0.0,0.0
Site_3,2025-04-06 09:00:00,476,22.2,3500.0,100.0,47.96,62.51726927756859,0.0,400.0,,0.0,0.0
Site_4,2025-04-06 09:00:00,541,21.69,3500.0,100.0,48.04,63.67955209079155,400.0,400.0,,0.0,0.0
Site_5,2025-04-06 09:00:00,567,17.46,3500.0,100.0,48.04,63.67955209079155,200.0,200.0,,0.0,0.0
Site_1,2025-04-06 10:00:00,397,25.66,3500.0,93.10527122574335,47.38,54.70159628939719,0.0,0.0,,0.0,0.0
Site_2,2025-04-06 10:00:00,443,22.51,3500.0,100.0,47.85,60.95368972401694,400.0,0.0,,0.0,0.0
Site_3,2025-04-06 10:00:00,522,21.7,3500.0,100.0,48.04,63.67955209079155,0.0,400.0,,0.0,0.0
Site_4,2025-04-06 10:00:00,590,18.46,3500.0,100.0,48.04,63.67955209079155,400.0,400.0,,0.0,0.0
Site_5,2025-04-06 10:00:00,614,18.17,3500.0,100.0,48.04,63.67955209079155,200.0,200.0,,0.0,0.0
Site_1,2025-04-06 11:00:00,428,19.87,3500.0,100.0,47.8,60.255958607435744,0.0,0.0,,0.0,0.0
Site_2,2025-04-06 11:00:00,479,19.79,3500.0,100.0,47.97,62.66138646723353,400.0,0.0,,0.0,0.0
Site_3,2025-04-06 11:00:00,553,19.93,3500.0,100.0,48.04,63.67955209079155,0.0,400.0,,0.0,0.0
Site_4,2025-04-06 11:00:00,617,18.23,3500.0,100.0,48.04,63.67955209079155,400.0,400.0,,0.0,0.0
Site_5,2025-04-06 11:00:00,636,15.59,3500.0,100.0,48.04,63.67955209079155,200.0,200.0,,0.0,0.0
Site_1,2025-04-06 12:00:00,454,22.86,3500.0,100.0,47.89,61.51768727098683,0.0,0.0,,0.0,0.0
Site_2,2025-04-06 12:00:00,502,21.71,3500.0,100.0,48.04,63.67955209079155,400.0,0.0,,0.0,0.0
Site_3,2025-04-06 12:00:00,577,18.64,3500.0,100.0,48.04,63.67955209079155,0.0,400.0,,0.0,0.0
Site_4,2025-04-06 12:00:00,638,19.84,3500.0,100.0,48.04,63.67955209079155,400.0,400.0,,0.0,0.0
Site_5,2025-04-06 12:00:00,653,17.18,3500.0,100.0,48.04,63.67955209079155,200.0,200.0,,0.0,0.0
Site_1,2025-04-06 13:00:00,460,19.71,3500.0,100.0,47.91,61.80164001384154,0.0,0.0,,0.0,0.0
Site_2,2025-04-06 13:00:00,523,21.07,3500.0,100.0,48.04,63.67955209079155,400.0,0.0,,0.0,0.0
Site_3,2025-04-06 13:00:00,584,17.2,3500.0,100.0,48.04,63.67955209079155,0.0,400.0,,0.0,0.0
Site_4,2025-04-06 13:00:00,639,16.39,3500.0,100.0,48.04,63.67955209079155,400.0,400.0,,0.0,0.0
Site_5,2025-04-06 13:00:00,658,16.43,3500.0,100.0,48.04,63.67955209079155,200.0,200.0,,0.0,0.0
Site_1,2025-04-06 14:00:00,455,20.37,3500.0,100.0,47.89,61.51768727098683,0.0,0.0,,0.0,0.0
Site_2,2025-04-06 14:00:00,522,19.34,3500.0,100.0,48.04,63.67955209079155,400.0,0.0,,0.0,0.0
Site_3,2025-04-06 14:00:00,586,18.93,3500.0,100.0,48.04,63.67955209079155,0.0,400.0,,0.0,0.0
Site_4,2025-04-06 14:00:00,641,16.77,3500.0,100.0,48.04,63.67955209079155,400.0,400.0,,0.0,0.0
Site_5,2025-04-06 14:00:00,658,17.21,3500.0,100.0,48.04,63.67955209079155,200.0,200.0,,0.0,0.0
Site_1,2025-04-06 15:00:00,446,21.45,3500.0,100.0,47.86,61.09420249055721,0.0,0.0,,0.0,0.0
Site_2,2025-04-06 15:00:00,512,19.92,3500.0,100.0,48.04,63.67955209079155,400.0,0.0,,0.0,0.0
Site_3,2025-04-06 15:00:00,581,20.49,3500.0,100.0,48.04,63.67955209079155,0.0,400.0,,0.0,0.0
Site_4,2025-04-06 15:00:00,623,18.64,3500.0,100.0,48.04,63.67955209079155,400.0,400.0,,0.0,0.0
Site_5,2025-04-06 15:00:00,648,15.95,3500.0,100.0,48.04,63.67955209079155,200.0,200.0,,0.0,0.0
Site_1,2025-04-06 16:00:00,431,22.11,3500.0,100.0,47.81,60.394862937638,0.0,0.0,,0.0,0.0
Site_2,2025-04-06 16:00:00,500,18.42,3500.0,100.0,48.04,63.67955209079155,400.0,0.0,,0.0,0.0
Site_3,2025-04-06 16:00:00,563,18.62,3500.0,100.0,48.04,63.67955209079155,0.0,400.0,,0.0,0.0
Site_4,2025-04-06 16:00:00,609,17.04,3500.0,100.0,48.04,63.67955209079155,400.0,400.0,,0.0,0.0
Site_5,2025-04-06 16:00:00,626,18.01,3500.0,100.0,48.04,63.67955209079155,200.0,200.0,,0.0,0.0
Site_1,2025-04-06 17:00:00,394,23.85,3500.0,99.38537962250389,47.65,58.21032177708713,0.0,0.0,,0.0,0.0
Site_2,2025-04-06 17:00:00,477,20.83,3500.0,100.0,47.97,62.66138646723353,400.0,0.0,,0.0,0.0
Site_3,2025-04-06 17:00:00,520,20.83,3500.0,100.0,48.04,63.67955209079155,0.0,400.0,,0.0,0.0
Site_4,2025-04-06 17:00:00,580,16.8,3500.0,100.0,48.04,63.67955209079155,400.0,400.0,,0.0,0.0
Site_5,2025-04-06 17:00:00,597,18.04,3500.0,100.0,48.04,63.67955209079155,200.0,200.0,,0.0,0.0
Site_1,2025-04-06 18:00:00,370,24.28,3500.0,91.6860996132105,47.22,52.722986142282274,0.0,0.0,,0.0,0.0
Site_2,2025-04-06 18:00:00,419,19.81,3500.0,100.0,47.77,59.841159506032014,400.0,0.0,,0.0,0.0
Site_3,2025-04-06 18:00:00,461,19.82,3500.0,100.0,47.91,61.80164001384154,0.0,400.0,,0.0,0.0
Site_4,2025-04-06 18:00:00,545,17.9,3500.0,100.0,48.04,63.67955209079155,400.0,400.0,,0.0,0.0
Site_5,2025-04-06 18:00:00,564,18.41,3500.0,100.0,48.04,63.67955209079155,200.0,200.0,,0.0,0.0
Site_1,2025-04-06 19:00:00,312,22.38,3500.0,83.83951412221589,46.62,45.91980128368683,0.0,0.0,,0.0,0.0
Site_2,2025-04-06 19:00:00,368,22.93,3500.0,96.53078632577619,47.44,55.462571295791044,400.0,0.0,,0.0,0.0
Site_3,2025-04-06 19:00:00,441,21.18,3500.0,100.0,47.84,60.813500127871826,0.0,400.0,,0.0,0.0
Site_4,2025-04-06 19:00:00,503,22.05,3500.0,100.0,48.04,63.67955209079155,400.0,400.0,,0.0,0.0
Site_5,2025-04-06 19:00:00,532,19.49,3500.0,100.0,48.04,63.67955209079155,200.0,200.0,,0.0,0.0
Site_1,2025-04-06 20:00:00,276,26.29,3500.0,63.18149896238485,45.25,33.49654391578276,0.0,0.0,,0.0,0.0
Site_2,2025-04-06 20:00:00,312,25.25,3500.0,74.35503247252308,46.09,40.644332916521314,400.0,0.0,,0.0,0.0
Site_3,2025-04-06 20:00:00,389,24.78,3500.0,94.4572633620708,47.42,55.207743928075764,0.0,400.0,,0.0,0.0
Site_4,2025-04-06 20:00:00,466,18.9,3500.0,100.0,47.93,62.08690342300634,400.0,400.0,,0.0,0.0
Site_5,2025-04-06 20:00:00,505,20.81,3500.0,100.0,48.04,63.67955209079155,200.0,200.0,,0.0,0.0
Site_1,2025-04-06 21:00:00,222,26.3,3500.0,50.80063087777198,44.08,25.58585886905645,0.0,0.0,,0.0,0.0
Site_2,2025-04-06 21:00:00,266,26.19,3500.0,61.12417271791297,45.07,32.13660538640318,400.0,0.0,,0.0,0.0
Site_3,2025-04-06 21:00:00,350,22.48,3500.0,93.63519147617129,47.24,52.966344389165805,0.0,400.0,,0.0,0.0
Site_4,2025-04-06 21:00:00,415,19.92,3500.0,100.0,47.76,59.70352865838366,400.0,400.0,,0.0,0.0
Site_5,2025-04-06 21:00:00,467,19.92,3500.0,100.0,47.93,62.08690342300634,200.0,200.0,,0.0,0.0
Site_1,2025-04-06 22:00:00,178,25.5,3500.0,42.00601375361077,43.07,20.276827195212817,0.0,0.0,,0.0,0.0
Site_2,2025-04-06 22:00:00,243,25.51,3500.0,57.32288272223191,44.69,29.4442163379876,400.0,0.0,,0.0,0.0
Site_3,2025-04-06 22:00:00,337,22.72,3500.0,89.21111691248629,46.98,49.88844874600119,0.0,400.0,,0.0,0.0
Site_4,2025-04-06 22:00:00,382,23.06,3500.0,99.64160304600394,47.62,57.80960474057178,400.0,400.0,,0.0,0.0
Site_5,2025-04-06 22:00:00,423,21.2,3500.0,100.0,47.78,59.979107625550945,200.0,200.0,,0.0,0.0
Site_1,2025-04-06 23:00:00,126,25.53,3500.0,29.69976765811764,41.34,13.614446824659511,0.0,0.0,,0.0,0.0
Site_2,2025-04-06 23:00:00,206,24.25,3500.0,51.109728325962294,44.04,25.35128630497907,400.0,0.0,,0.0,0.0
Site_3,2025-04-06 23:00:00,312,23.63,3500.0,79.43017190997952,46.38,43.45102241715719,0.0,400.0,,0.0,0.0
Site_4,2025-04-06 23:00:00,366,22.98,3500.0,95.7985213940014,47.39,54.82769649208539,400.0,400.0,,0.0,0.0
Site_5,2025-04-06 23:00:00,369,22.51,3500.0,98.58755649971995,47.53,56.623928903825345,200.0,200.0,,0.0,0.0
Site_1,2025-04-07 00:00:00,117,25.6,3500.0,27.503189987007975,40.96,12.473835142429433,0.0,0.0,,0.0,0.0
Site_2,2025-04-07 00:00:00,164,25.07,3500.0,39.363671742127885,42.73,18.749945080674173,400.0,0.0,,0.0,0.0
Site_3,2025-04-07 00:00:00,279,22.16,3500.0,75.71091303834555,46.05,40.271703432545884,0.0,400.0,,0.0,0.0
Site_4,2025-04-07 00:00:00,338,24.06,3500.0,84.51888391353422,46.75,47.315125896148054,400.0,400.0,,0.0,0.0
Site_5,2025-04-07 00:00:00,349,24.63,3500.0,85.25848662256682,46.83,48.19477976251272,200.0,200.0,,0.0,0.0
Site_1,2025-04-07 01:00:00,124,26.68,3500.0,27.97202955397299,41.07,12.793813041575246,0.0,0.0,,0.0,0.0
Site_2,2025-04-07 01:00:00,152,29.03,3500.0,31.5177457274183,41.71,14.825180851459537,400.0,0.0,,0.0,0.0
Site_3,2025-04-07 01:00:00,277,26.1,3500.0,63.870732023894014,45.3,33.88441561392024,0.0,400.0,,0.0,0.0
Site_4,2025-04-07 01:00:00,337,25.3,3500.0,80.15479623028065,46.51,44.77133041763623,400.0,400.0,,0.0,0.0
Site_5,2025-04-07 01:00:00,357,23.88,3500.0,89.93965021651331,47.09,51.16818355403081,200.0,200.0,,0.0,0.0
Site_1,2025-04-07 02:00:00,117,26.61,3500.0,26.462217785638412,40.8,12.022644346174118,0.0,0.0,,0.0,0.0
Site_2,2025-04-07 02:00:00,160,26.47,3500.0,36.37855079723293,42.37,17.25837891990202,400.0,0.0,,0.0,0.0
Site_3,2025-04-07 02:00:00,252,24.23,3500.0,62.57395947597771,45.11,32.43396173493492,0.0,400.0,,0.0,0.0
Site_4,2025-04-07 02:00:00,314,24.56,3500.0,76.9259486483588,46.25,42.169650342858226,400.0,400.0,,0.0,0.0
Site_5,2025-04-07 02:00:00,348,23.93,3500.0,87.4899552102986,46.94,49.43106869868351,200.0,200.0,,0.0,0.0
Site_1,2025-04-07 03:00:00,129,26.78,3500.0,28.991538128681796,41.25,13.33521432163324,0.0,0.0,,0.0,0.0
Site_2,2025-04-07 03:00:00,170,28.35,3500.0,36.09428389324377,42.38,17.298163592151024,400.0,0.0,,0.0,0.0
Site_3,2025-04-07 03:00:00,242,25.85,3500.0,56.33848397810103,44.62,28.973435877013213,0.0,400.0,,0.0,0.0
Site_4,2025-04-07 03:00:00,316,24.95,3500.0,76.21052097181473,46.22,41.879356511791826,400.0,400.0,,0.0,0.0
Site_5,2025-04-07 03:00:00,355,22.21,3500.0,96.11935778566736,47.37,54.57578610912705,200.0,200.0,,0.0,0.0
Site_1,2025-04-07 04:00:00,140,26.2,3500.0,32.158372639669125,41.75,14.962356560944336,0.0,0.0,,0.0,0.0
Site_2,2025-04-07 04:00:00,186,26.59,3500.0,42.0997028061677,43.12,20.511621788255646,400.0,0.0,,0.0,0.0
Site_3,2025-04-07 04:00:00,260,24.74,3500.0,63.235064578723055,45.19,33.03695410368145,0.0,400.0,,0.0,0.0
Site_4,2025-04-07 04:00:00,329,22.69,3500.0,87.207765692409,46.85,48.41723675840994,400.0,400.0,,0.0,0.0
Site_5,2025-04-07 04:00:00,368,24.71,3500.0,89.61017131467622,47.11,51.40436515824259,200.0,200.0,,0.0,0.0
Site_1,2025-04-07 05:00:00,173,24.59,3500.0,42.33127181481597,43.09,20.370420777057202,0.0,0.0,,0.0,0.0
Site_2,2025-04-07 05:00:00,207,24.69,3500.0,50.44639010432572,43.99,25.06109253032115,400.0,0.0,,0.0,0.0
Site_3,2025-04-07 05:00:00,299,23.87,3500.0,75.359011478286,46.1,40.73802778041128,0.0,400.0,,0.0,0.0
Site_4,2025-04-07 05:00:00,354,25.25,3500.0,84.36436376690119,46.8,47.863009232263806,400.0,400.0,,0.0,0.0
Site_5,2025-04-07 05:00:00,405,19.08,3500.0,100.0,47.72,59.15616341754737,200.0,200.0,,0.0,0.0
Site_1,2025-04-07 06:00:00,219,24.39,3500.0,54.02456304571576,44.34,27.16439268839085,0.0,0.0,,0.0,0.0
Site_2,2025-04-07 06:00:00,242,26.18,3500.0,55.63039140466229,44.56,28.57590543374948,400.0,0.0,,0.0,0.0
Site_3,2025-04-07 06:00:00,330,22.22,3500.0,89.31046391853845,46.96,49.65923214503363,0.0,400.0,,0.0,0.0
Site_4,2025-04-07 06:00:00,389,22.46,3500.0,100.0,47.66,58.344510427374416,400.0,400.0,,0.0,0.0
Site_5,2025-04-07 06:00:00,446,22.48,3500.0,100.0,47.86,61.09420249055721,200.0,200.0,,0.0,0.0
Site_1,2025-04-07 07:00:00,281,24.17,3500.0,69.94736699726198,45.71,37.239170625456865,0.0,0.0,,0.0,0.0
Site_2,2025-04-07 07:00:00,292,24.22,3500.0,72.53613762747516,45.91,38.99419866765432,400.0,0.0,,0.0,0.0
Site_3,2025-04-07 07:00:00,377,21.82,3500.0,100.0,47.62,57.80960474057178,0.0,400.0,,0.0,0.0
Site_4,2025-04-07 07:00:00,433,20.25,3500.0,100.0,47.82,60.53408747539136,400.0,400.0,,0.0,0.0
Site_5,2025-04-07 07:00:00,486,21.32,3500.0,100.0,48.0,63.09573444801933,200.0,200.0,,0.0,0.0
Site_1,2025-04-07 08:00:00,355,22.34,3500.0,95.56394537958377,47.34,54.20008904016244,0.0,0.0,,0.0,0.0
Site_2,2025-04-07 08:00:00,349,24.59,3500.0,85.39661192699869,46.83,48.19477976251272,400.0,0.0,,0.0,0.0
Site_3,2025-04-07 08:00:00,438,21.59,3500.0,100.0,47.83,60.673632958850526,0.0,400.0,,0.0,0.0
Site_4,2025-04-07 08:00:00,492,20.42,3500.0,100.0,48.02,63.38697112569273,400.0,400.0,,0.0,0.0
Site_5,2025-04-07 08:00:00,538,18.26,3500.0,100.0,48.04,63.67955209079155,200.0,200.0,,0.0,0.0
Site_1,2025-04-07 09:00:00,405,21.12,3500.0,100.0,47.72,59.15616341754737,0.0,0.0,,0.0,0.0
Site_2,2025-04-07 09:00:00,422,23.54,3500.0,100.0,47.78,59.979107625550945,400.0,0.0,,0.0,0.0
Site_3,2025-04-07 09:00:00,486,20.94,3500.0,100.0,48.0,63.09573444801933,0.0,400.0,,0.0,0.0
Site_4,2025-04-07 09:00:00,558,17.67,3500.0,100.0,48.04,63.67955209079155,400.0,400.0,,0.0,0.0
Site_5,2025-04-07 09:00:00,582,18.87,3500.0,100.0,48.04,63.67955209079155,200.0,200.0,,0.0,0.0
Site_1,2025-04-07 10:00:00,430,21.14,3500.0,100.0,47.81,60.394862937638,0.0,0.0,,0.0,0.0
Site_2,2025-04-07 10:00:00,465,20.22,3500.0,100.0,47.93,62.08690342300634,400.0,0.0,,0.0,0.0
Site_3,2025-04-07 10:00:00,521,21.84,3500.0,100.0,48.04,63.67955209079155,0.0,400.0,,0.0,0.0
Site_4,2025-04-07 10:00:00,599,17.21,3500.0,100.0,48.04,63.67955209079155,400.0,400.0,,0.0,0.0
Site_5,2025-04-07 10:00:00,630,17.81,3500.0,100.0,48.04,63.67955209079155,200.0,200.0,,0.0,0.0
Site_1,2025-04-07 11:00:00,455,22.09,3500.0,100.0,47.89,61.51768727098683,0.0,0.0,,0.0,0.0
Site_2,2025-04-07 11:00:00,497,20.3,3500.0,100.0,48.03,63.533093185174394,400.0,0.0,,0.0,0.0
Site_3,2025-04-07 11:00:00,551,18.51,3500.0,100.0,48.04,63.67955209079155,0.0,400.0,,0.0,0.0
Site_4,2025-04-07 11:00:00,628,16.72,3500.0,100.0,48.04,63.67955209079155,400.0,400.0,,0.0,0.0
Site_5,2025-04-07 11:00:00,668,16.42,3500.0,100.0,48.04,63.67955209079155,200.0,200.0,,0.0,0.0
Site_1,2025-04-07 12:00:00,476,18.72,3500.0,100.0,47.96,62.51726927756859,0.0,0.0,,0.0,0.0
Site_2,2025-04-07 12:00:00,528,20.64,3500.0,100.0,48.04,63.67955209079155,400.0,0.0,,0.0,0.0
Site_3,2025-04-07 12:00:00,577,21.48,3500.0,100.0,48.04,63.67955209079155,0.0,400.0,,0.0,0.0
Site_4,2025-04-07 12:00:00,653,15.49,3500.0,100.0,48.04,63.67955209079155,400.0,400.0,,0.0,0.0
Site_5,2025-04-07 12:00:00,691,16.46,3500.0,100.0,48.04,63.67955209079155,200.0,200.0,,0.0,0.0
Site_1,2025-04-07 13:00:00,493,21.44,3500.0,100.0,48.02,63.38697112569273,0.0,0.0,,0.0,0.0
Site_2,2025-04-07 13:00:00,548,17.53,3500.0,100.0,48.04,63.67955209079155,400.0,0.0,,0.0,0.0
Site_3,2025-04-07 13:00:00,596,17.57,3500.0,100.0,48.04,63.67955209079155,0.0,400.0,,0.0,0.0
Site_4,2025-04-07 13:00:00,672,15.93,3500.0,100.0,48.04,63.67955209079155,400.0,400.0,,0.0,0.0
Site_5,2025-04-07 13:00:00,702,16.37,3500.0,100.0,48.04,63.67955209079155,200.0,200.0,,0.0,0.0
Site_1,2025-04-07 14:00:00,503,18.8,3500.0,100.0,48.04,63.67955209079155,0.0,0.0,,0.0,0.0
Site_2,2025-04-07 14:00:00,562,19.76,3500.0,100.0,48.04,63.67955209079155,400.0,0.0,,0.0,0.0
Site_3,2025-04-07 14:00:00,608,17.61,3500.0,100.0,48.04,63.67955209079155,0.0,400.0,,0.0,0.0
Site_4,2025-04-07 14:00:00,675,16.89,3500.0,100.0,48.04,63.67955209079155,400.0,400.0,,0.0,0.0
Site_5,2025-04-07 14:00:00,700,18.74,3500.0,100.0,48.04,63.67955209079155,200.0,200.0,,0.0,0.0
Site_1,2025-04-07 15:00:00,503,22.98,3500.0,100.0,48.04,63.67955209079155,0.0,0.0,,0.0,0.0
Site_2,2025-04-07 15:00:00,567,23.82,3500.0,100.0,48.04,63.67955209079155,400.0,0.0,,0.0,0.0
Site_3,2025-04-07 15:00:00,620,19.95,3500.0,100.0,48.04,63.67955209079155,0.0,400.0,,0.0,0.0
Site_4,2025-04-07 15:00:00,674,16.54,3500.0,100.0,48.04,63.67955209079155,400.0,400.0,,0.0,0.0
Site_5,2025-04-07 15:00:00,696,12.49,3500.0,100.0,48.04,63.67955209079155,200.0,200.0,,0.0,0.0
Site_1,2025-04-07 16:00:00,497,19.11,3500.0,100.0,48.03,63.533093185174394,0.0,0.0,,0.0,0.0
Site_2,2025-04-07 16:00:00,581,18.76,3500.0,100.0,48.04,63.67955209079155,400.0,0.0,,0.0,0.0
Site_3,2025-04-07 16:00:00,615,15.32,3500.0,100.0,48.04,63.67955209079155,0.0,400.0,,0.0,0.0
Site_4,2025-04-07 16:00:00,660,17.63,3500.0,100.0,48.04,63.67955209079155,400.0,400.0,,0.0,0.0
Site_5,2025-04-07 16:00:00,683,16.85,3500.0,100.0,48.04,63.67955209079155,200.0,200.0,,0.0,0.0
Site_1,2025-04-07 17:00:00,465,20.95,3500.0,100.0,47.93,62.08690342300634,0.0,0.0,,0.0,0.0
Site_2,2025-04-07 17:00:00,571,17.32,3500.0,100.0,48.04,63.67955209079155,400.0,0.0,,0.0,0.0
Site_3,2025-04-07 17:00:00,601,19.29,3500.0,100.0,48.04,63.67955209079155,0.0,400.0,,0.0,0.0
Site_4,2025-04-07 17:00:00,642,15.24,3500.0,100.0,48.04,63.67955209079155,400.0,400.0,,0.0,0.0
Site_5,2025-04-07 17:00:00,660,16.88,3500.0,100.0,48.04,63.67955209079155,200.0,200.0,,0.0,0.0
Site_1,2025-04-07 18:00:00,427,22.44,3500.0,100.0,47.8,60.255958607435744,0.0,0.0,,0.0,0.0
Site_2,2025-04-07 18:00:00,555,17.32,3500.0,100.0,48.04,63.67955209079155,400.0,0.0,,0.0,0.0
Site_3,2025-04-07 18:00:00,556,16.98,3500.0,100.0,48.04,63.67955209079155,0.0,400.0,,0.0,0.0
Site_4,2025-04-07 18:00:00,620,16.73,3500.0,100.0,48.04,63.67955209079155,400.0,400.0,,0.0,0.0
Site_5,2025-04-07 18:00:00,634,21.59,3500.0,100.0,48.04,63.67955209079155,200.0,200.0,,0.0,0.0
Site_1,2025-04-07 19:00:00,387,23.16,3500.0,100.0,47.66,58.344510427374416,0.0,0.0,,0.0,0.0
Site_2,2025-04-07 19:00:00,513,19.45,3500.0,100.0,48.04,63.67955209079155,400.0,0.0,,0.0,0.0
Site_3,2025-04-07 19:00:00,520,19.13,3500.0,100.0,48.04,63.67955209079155,0.0,400.0,,0.0,0.0
Site_4,2025-04-07 19:00:00,603,17.75,3500.0,100.0,48.04,63.67955209079155,400.0,400.0,,0.0,0.0
Site_5,2025-04-07 19:00:00,604,18.0,3500.0,100.0,48.04,63.67955209079155,200.0,200.0,,0.0,0.0
Site_1,2025-04-07 20:00:00,346,26.26,3500.0,79.29603050082002,46.5,44.6683592150963,0.0,0.0,,0.0,0.0
Site_2,2025-04-07 20:00:00,462,22.47,3500.0,100.0,47.92,61.94410750767818,400.0,0.0,,0.0,0.0
Site_3,2025-04-07 20:00:00,457,18.45,3500.0,100.0,47.9,61.65950018614819,0.0,400.0,,0.0,0.0
Site_4,2025-04-07 20:00:00,560,18.15,3500.0,100.0,48.04,63.67955209079155,400.0,400.0,,0.0,0.0
Site_5,2025-04-07 20:00:00,570,20.26,3500.0,100.0,48.04,63.67955209079155,200.0,200.0,,0.0,0.0
Site_1,2025-04-07 21:00:00,305,22.47,3500.0,81.63245102624593,46.47,44.36086439314323,0.0,0.0,,0.0,0.0
Site_2,2025-04-07 21:00:00,403,22.63,3500.0,100.0,47.71,59.02010801718445,400.0,0.0,,0.0,0.0
Site_3,2025-04-07 21:00:00,410,23.17,3500.0,100.0,47.74,59.429215861557296,0.0,400.0,,0.0,0.0
Site_4,2025-04-07 21:00:00,513,19.08,3500.0,100.0,48.04,63.67955209079155,400.0,400.0,,0.0,0.0
Site_5,2025-04-07 21:00:00,542,20.95,3500.0,100.0,48.04,63.67955209079155,200.0,200.0,,0.0,0.0
Site_1,2025-04-07 22:00:00,255,25.17,3500.0,60.963412497827264,45.01,31.6956746304349,0.0,0.0,,0.0,0.0
Site_2,2025-04-07 22:00:00,356,22.76,3500.0,94.07624099682948,47.28,53.456435939697194,400.0,0.0,,0.0,0.0
Site_3,2025-04-07 22:00:00,369,21.14,3500.0,100.0,47.59,57.4116462207328,0.0,400.0,,0.0,0.0
Site_4,2025-04-07 22:00:00,454,18.57,3500.0,100.0,47.89,61.51768727098683,400.0,400.0,,0.0,0.0
Site_5,2025-04-07 22:00:00,515,19.08,3500.0,100.0,48.04,63.67955209079155,200.0,200.0,,0.0,0.0
Site_1,2025-04-07 23:00:00,199,25.42,3500.0,47.10908281000645,43.66,23.22736796357105,0.0,0.0,,0.0,0.0
Site_2,2025-04-07 23:00:00,301,25.04,3500.0,72.33298035740145,45.93,39.174187710778305,400.0,0.0,,0.0,0.0
Site_3,2025-04-07 23:00:00,320,21.6,3500.0,89.0706012209515,46.91,49.09078761526027,0.0,400.0,,0.0,0.0
Site_4,2025-04-07 23:00:00,410,21.27,3500.0,100.0,47.74,59.429215861557296,400.0,400.0,,0.0,0.0
Site_5,2025-04-07 23:00:00,491,20.43,3500.0,100.0,48.01,63.241185137621905,200.0,200.0,,0.0,0.0
