site_id,freq,bw,power_dbm,x,y,cell_type,users,datetime
Site_1,3500.0,20.0,23.0,0,0,small,152,2025-04-01 00:00:00
Site_2,3500.0,20.0,23.0,400,0,small,244,2025-04-01 00:00:00
Site_3,3500.0,20.0,23.0,0,400,small,299,2025-04-01 00:00:00
Site_4,3500.0,20.0,23.0,400,400,small,352,2025-04-01 00:00:00
Site_5,3500.0,20.0,23.0,200,200,small,411,2025-04-01 00:00:00
Site_1,3500.0,20.0,23.0,0,0,small,128,2025-04-01 01:00:00
Site_2,3500.0,20.0,23.0,400,0,small,193,2025-04-01 01:00:00
Site_3,3500.0,20.0,23.0,0,400,small,258,2025-04-01 01:00:00
Site_4,3500.0,20.0,23.0,400,400,small,334,2025-04-01 01:00:00
Site_5,3500.0,20.0,23.0,200,200,small,373,2025-04-01 01:00:00
Site_1,3500.0,20.0,23.0,0,0,small,125,2025-04-01 02:00:00
Site_2,3500.0,20.0,23.0,400,0,small,169,2025-04-01 02:00:00
Site_3,3500.0,20.0,23.0,0,400,small,256,2025-04-01 02:00:00
Site_4,3500.0,20.0,23.0,400,400,small,316,2025-04-01 02:00:00
Site_5,3500.0,20.0,23.0,200,200,small,345,2025-04-01 02:00:00
Site_1,3500.0,20.0,23.0,0,0,small,122,2025-04-01 03:00:00
Site_2,3500.0,20.0,23.0,400,0,small,180,2025-04-01 03:00:00
Site_3,3500.0,20.0,23.0,0,400,small,246,2025-04-01 03:00:00
Site_4,3500.0,20.0,23.0,400,400,small,309,2025-04-01 03:00:00
Site_5,3500.0,20.0,23.0,200,200,small,336,2025-04-01 03:00:00
Site_1,3500.0,20.0,23.0,0,0,small,129,2025-04-01 04:00:00
Site_2,3500.0,20.0,23.0,400,0,small,197,2025-04-01 04:00:00
Site_3,3500.0,20.0,23.0,0,400,small,258,2025-04-01 04:00:00
Site_4,3500.0,20.0,23.0,400,400,small,317,2025-04-01 04:00:00
Site_5,3500.0,20.0,23.0,200,200,small,337,2025-04-01 04:00:00
Site_1,3500.0,20.0,23.0,0,0,small,175,2025-04-01 05:00:00
Site_2,3500.0,20.0,23.0,400,0,small,210,2025-04-01 05:00:00
Site_3,3500.0,20.0,23.0,0,400,small,287,2025-04-01 05:00:00
Site_4,3500.0,20.0,23.0,400,400,small,340,2025-04-01 05:00:00
Site_5,3500.0,20.0,23.0,200,200,small,354,2025-04-01 05:00:00
Site_1,3500.0,20.0,23.0,0,0,small,210,2025-04-01 06:00:00
Site_2,3500.0,20.0,23.0,400,0,small,222,2025-04-01 06:00:00
Site_3,3500.0,20.0,23.0,0,400,small,323,2025-04-01 06:00:00
Site_4,3500.0,20.0,23.0,400,400,small,375,2025-04-01 06:00:00
Site_5,3500.0,20.0,23.0,200,200,small,381,2025-04-01 06:00:00
Site_1,3500.0,20.0,23.0,0,0,small,254,2025-04-01 07:00:00
Site_2,3500.0,20.0,23.0,400,0,small,261,2025-04-01 07:00:00
Site_3,3500.0,20.0,23.0,0,400,small,365,2025-04-01 07:00:00
Site_4,3500.0,20.0,23.0,400,400,small,415,2025-04-01 07:00:00
Site_5,3500.0,20.0,23.0,200,200,small,422,2025-04-01 07:00:00
Site_1,3500.0,20.0,23.0,0,0,small,301,2025-04-01 08:00:00
Site_2,3500.0,20.0,23.0,400,0,small,304,2025-04-01 08:00:00
Site_3,3500.0,20.0,23.0,0,400,small,388,2025-04-01 08:00:00
Site_4,3500.0,20.0,23.0,400,400,small,464,2025-04-01 08:00:00
Site_5,3500.0,20.0,23.0,200,200,small,465,2025-04-01 08:00:00
Site_1,3500.0,20.0,23.0,0,0,small,347,2025-04-01 09:00:00
Site_2,3500.0,20.0,23.0,400,0,small,354,2025-04-01 09:00:00
Site_3,3500.0,20.0,23.0,0,400,small,435,2025-04-01 09:00:00
Site_4,3500.0,20.0,23.0,400,400,small,503,2025-04-01 09:00:00
Site_5,3500.0,20.0,23.0,200,200,small,515,2025-04-01 09:00:00
Site_1,3500.0,20.0,23.0,0,0,small,378,2025-04-01 10:00:00
Site_2,3500.0,20.0,23.0,400,0,small,399,2025-04-01 10:00:00
Site_3,3500.0,20.0,23.0,0,400,small,474,2025-04-01 10:00:00
Site_4,3500.0,20.0,23.0,400,400,small,548,2025-04-01 10:00:00
Site_5,3500.0,20.0,23.0,200,200,small,567,2025-04-01 10:00:00
Site_1,3500.0,20.0,23.0,0,0,small,403,2025-04-01 11:00:00
Site_2,3500.0,20.0,23.0,400,0,small,437,2025-04-01 11:00:00
Site_3,3500.0,20.0,23.0,0,400,small,509,2025-04-01 11:00:00
Site_4,3500.0,20.0,23.0,400,400,small,590,2025-04-01 11:00:00
Site_5,3500.0,20.0,23.0,200,200,small,614,2025-04-01 11:00:00
Site_1,3500.0,20.0,23.0,0,0,small,430,2025-04-01 12:00:00
Site_2,3500.0,20.0,23.0,400,0,small,450,2025-04-01 12:00:00
Site_3,3500.0,20.0,23.0,0,400,small,532,2025-04-01 12:00:00
Site_4,3500.0,20.0,23.0,400,400,small,612,2025-04-01 12:00:00
Site_5,3500.0,20.0,23.0,200,200,small,640,2025-04-01 12:00:00
Site_1,3500.0,20.0,23.0,0,0,small,445,2025-04-01 13:00:00
Site_2,3500.0,20.0,23.0,400,0,small,477,2025-04-01 13:00:00
Site_3,3500.0,20.0,23.0,0,400,small,554,2025-04-01 13:00:00
Site_4,3500.0,20.0,23.0,400,400,small,631,2025-04-01 13:00:00
Site_5,3500.0,20.0,23.0,200,200,small,664,2025-04-01 13:00:00
Site_1,3500.0,20.0,23.0,0,0,small,460,2025-04-01 14:00:00
Site_2,3500.0,20.0,23.0,400,0,small,499,2025-04-01 14:00:00
Site_3,3500.0,20.0,23.0,0,400,small,573,2025-04-01 14:00:00
Site_4,3500.0,20.0,23.0,400,400,small,639,2025-04-01 14:00:00
Site_5,3500.0,20.0,23.0,200,200,small,675,2025-04-01 14:00:00
Site_1,3500.0,20.0,23.0,0,0,small,471,2025-04-01 15:00:00
Site_2,3500.0,20.0,23.0,400,0,small,519,2025-04-01 15:00:00
Site_3,3500.0,20.0,23.0,0,400,small,584,2025-04-01 15:00:00
Site_4,3500.0,20.0,23.0,400,400,small,644,2025-04-01 15:00:00
Site_5,3500.0,20.0,23.0,200,200,small,683,2025-04-01 15:00:00
Site_1,3500.0,20.0,23.0,0,0,small,472,2025-04-01 16:00:00
Site_2,3500.0,20.0,23.0,400,0,small,532,2025-04-01 16:00:00
Site_3,3500.0,20.0,23.0,0,400,small,586,2025-04-01 16:00:00
Site_4,3500.0,20.0,23.0,400,400,small,635,2025-04-01 16:00:00
Site_5,3500.0,20.0,23.0,200,200,small,664,2025-04-01 16:00:00
Site_1,3500.0,20.0,23.0,0,0,small,457,2025-04-01 17:00:00
Site_2,3500.0,20.0,23.0,400,0,small,525,2025-04-01 17:00:00
Site_3,3500.0,20.0,23.0,0,400,small,575,2025-04-01 17:00:00
Site_4,3500.0,20.0,23.0,400,400,small,620,2025-04-01 17:00:00
Site_5,3500.0,20.0,23.0,200,200,small,650,2025-04-01 17:00:00
Site_1,3500.0,20.0,23.0,0,0,small,427,2025-04-01 18:00:00
Site_2,3500.0,20.0,23.0,400,0,small,499,2025-04-01 18:00:00
Site_3,3500.0,20.0,23.0,0,400,small,547,2025-04-01 18:00:00
Site_4,3500.0,20.0,23.0,400,400,small,586,2025-04-01 18:00:00
Site_5,3500.0,20.0,23.0,200,200,small,627,2025-04-01 18:00:00
Site_1,3500.0,20.0,23.0,0,0,small,390,2025-04-01 19:00:00
Site_2,3500.0,20.0,23.0,400,0,small,464,2025-04-01 19:00:00
Site_3,3500.0,20.0,23.0,0,400,small,490,2025-04-01 19:00:00
Site_4,3500.0,20.0,23.0,400,400,small,548,2025-04-01 19:00:00
Site_5,3500.0,20.0,23.0,200,200,small,593,2025-04-01 19:00:00
Site_1,3500.0,20.0,23.0,0,0,small,344,2025-04-01 20:00:00
Site_2,3500.0,20.0,23.0,400,0,small,401,2025-04-01 20:00:00
Site_3,3500.0,20.0,23.0,0,400,small,440,2025-04-01 20:00:00
Site_4,3500.0,20.0,23.0,400,400,small,512,2025-04-01 20:00:00
Site_5,3500.0,20.0,23.0,200,200,small,557,2025-04-01 20:00:00
Site_1,3500.0,20.0,23.0,0,0,small,296,2025-04-01 21:00:00
Site_2,3500.0,20.0,23.0,400,0,small,371,2025-04-01 21:00:00
Site_3,3500.0,20.0,23.0,0,400,small,400,2025-04-01 21:00:00
Site_4,3500.0,20.0,23.0,400,400,small,472,2025-04-01 21:00:00
Site_5,3500.0,20.0,23.0,200,200,small,508,2025-04-01 21:00:00
Site_1,3500.0,20.0,23.0,0,0,small,262,2025-04-01 22:00:00
Site_2,3500.0,20.0,23.0,400,0,small,328,2025-04-01 22:00:00
Site_3,3500.0,20.0,23.0,0,400,small,357,2025-04-01 22:00:00
Site_4,3500.0,20.0,23.0,400,400,small,427,2025-04-01 22:00:00
Site_5,3500.0,20.0,23.0,200,200,small,462,2025-04-01 22:00:00
Site_1,3500.0,20.0,23.0,0,0,small,218,2025-04-01 23:00:00
Site_2,3500.0,20.0,23.0,400,0,small,260,2025-04-01 23:00:00
Site_3,3500.0,20.0,23.0,0,400,small,310,2025-04-01 23:00:00
Site_4,3500.0,20.0,23.0,400,400,small,356,2025-04-01 23:00:00
Site_5,3500.0,20.0,23.0,200,200,small,419,2025-04-01 23:00:00
Site_1,3500.0,20.0,23.0,0,0,small,166,2025-04-02 00:00:00
Site_2,3500.0,20.0,23.0,400,0,small,181,2025-04-02 00:00:00
Site_3,3500.0,20.0,23.0,0,400,small,282,2025-04-02 00:00:00
Site_4,3500.0,20.0,23.0,400,400,small,308,2025-04-02 00:00:00
Site_5,3500.0,20.0,23.0,200,200,small,362,2025-04-02 00:00:00
Site_1,3500.0,20.0,23.0,0,0,small,114,2025-04-02 01:00:00
Site_2,3500.0,20.0,23.0,400,0,small,123,2025-04-02 01:00:00
Site_3,3500.0,20.0,23.0,0,400,small,226,2025-04-02 01:00:00
Site_4,3500.0,20.0,23.0,400,400,small,279,2025-04-02 01:00:00
Site_5,3500.0,20.0,23.0,200,200,small,310,2025-04-02 01:00:00
Site_1,3500.0,20.0,23.0,0,0,small,106,2025-04-02 02:00:00
Site_2,3500.0,20.0,23.0,400,0,small,122,2025-04-02 02:00:00
Site_3,3500.0,20.0,23.0,0,400,small,218,2025-04-02 02:00:00
Site_4,3500.0,20.0,23.0,400,400,small,278,2025-04-02 02:00:00
Site_5,3500.0,20.0,23.0,200,200,small,314,2025-04-02 02:00:00
Site_1,3500.0,20.0,23.0,0,0,small,111,2025-04-02 03:00:00
Site_2,3500.0,20.0,23.0,400,0,small,142,2025-04-02 03:00:00
Site_3,3500.0,20.0,23.0,0,400,small,215,2025-04-02 03:00:00
Site_4,3500.0,20.0,23.0,400,400,small,287,2025-04-02 03:00:00
Site_5,3500.0,20.0,23.0,200,200,small,314,2025-04-02 03:00:00
Site_1,3500.0,20.0,23.0,0,0,small,125,2025-04-02 04:00:00
Site_2,3500.0,20.0,23.0,400,0,small,150,2025-04-02 04:00:00
Site_3,3500.0,20.0,23.0,0,400,small,226,2025-04-02 04:00:00
Site_4,3500.0,20.0,23.0,400,400,small,310,2025-04-02 04:00:00
Site_5,3500.0,20.0,23.0,200,200,small,330,2025-04-02 04:00:00
Site_1,3500.0,20.0,23.0,0,0,small,139,2025-04-02 05:00:00
Site_2,3500.0,20.0,23.0,400,0,small,177,2025-04-02 05:00:00
Site_3,3500.0,20.0,23.0,0,400,small,263,2025-04-02 05:00:00
Site_4,3500.0,20.0,23.0,400,400,small,342,2025-04-02 05:00:00
Site_5,3500.0,20.0,23.0,200,200,small,351,2025-04-02 05:00:00
Site_1,3500.0,20.0,23.0,0,0,small,168,2025-04-02 06:00:00
Site_2,3500.0,20.0,23.0,400,0,small,211,2025-04-02 06:00:00
Site_3,3500.0,20.0,23.0,0,400,small,284,2025-04-02 06:00:00
Site_4,3500.0,20.0,23.0,400,400,small,373,2025-04-02 06:00:00
Site_5,3500.0,20.0,23.0,200,200,small,378,2025-04-02 06:00:00
Site_1,3500.0,20.0,23.0,0,0,small,214,2025-04-02 07:00:00
Site_2,3500.0,20.0,23.0,400,0,small,262,2025-04-02 07:00:00
Site_3,3500.0,20.0,23.0,0,400,small,331,2025-04-02 07:00:00
Site_4,3500.0,20.0,23.0,400,400,small,413,2025-04-02 07:00:00
Site_5,3500.0,20.0,23.0,200,200,small,416,2025-04-02 07:00:00
Site_1,3500.0,20.0,23.0,0,0,small,261,2025-04-02 08:00:00
Site_2,3500.0,20.0,23.0,400,0,small,317,2025-04-02 08:00:00
Site_3,3500.0,20.0,23.0,0,400,small,387,2025-04-02 08:00:00
Site_4,3500.0,20.0,23.0,400,400,small,458,2025-04-02 08:00:00
Site_5,3500.0,20.0,23.0,200,200,small,461,2025-04-02 08:00:00
Site_1,3500.0,20.0,23.0,0,0,small,310,2025-04-02 09:00:00
Site_2,3500.0,20.0,23.0,400,0,small,366,2025-04-02 09:00:00
Site_3,3500.0,20.0,23.0,0,400,small,438,2025-04-02 09:00:00
Site_4,3500.0,20.0,23.0,400,400,small,521,2025-04-02 09:00:00
Site_5,3500.0,20.0,23.0,200,200,small,500,2025-04-02 09:00:00
Site_1,3500.0,20.0,23.0,0,0,small,351,2025-04-02 10:00:00
Site_2,3500.0,20.0,23.0,400,0,small,405,2025-04-02 10:00:00
Site_3,3500.0,20.0,23.0,0,400,small,475,2025-04-02 10:00:00
Site_4,3500.0,20.0,23.0,400,400,small,545,2025-04-02 10:00:00
Site_5,3500.0,20.0,23.0,200,200,small,553,2025-04-02 10:00:00
Site_1,3500.0,20.0,23.0,0,0,small,379,2025-04-02 11:00:00
Site_2,3500.0,20.0,23.0,400,0,small,443,2025-04-02 11:00:00
Site_3,3500.0,20.0,23.0,0,400,small,504,2025-04-02 11:00:00
Site_4,3500.0,20.0,23.0,400,400,small,570,2025-04-02 11:00:00
Site_5,3500.0,20.0,23.0,200,200,small,596,2025-04-02 11:00:00
Site_1,3500.0,20.0,23.0,0,0,small,403,2025-04-02 12:00:00
Site_2,3500.0,20.0,23.0,400,0,small,463,2025-04-02 12:00:00
Site_3,3500.0,20.0,23.0,0,400,small,525,2025-04-02 12:00:00
Site_4,3500.0,20.0,23.0,400,400,small,588,2025-04-02 12:00:00
Site_5,3500.0,20.0,23.0,200,200,small,619,2025-04-02 12:00:00
Site_1,3500.0,20.0,23.0,0,0,small,416,2025-04-02 13:00:00
Site_2,3500.0,20.0,23.0,400,0,small,482,2025-04-02 13:00:00
Site_3,3500.0,20.0,23.0,0,400,small,543,2025-04-02 13:00:00
Site_4,3500.0,20.0,23.0,400,400,small,608,2025-04-02 13:00:00
Site_5,3500.0,20.0,23.0,200,200,small,633,2025-04-02 13:00:00
Site_1,3500.0,20.0,23.0,0,0,small,428,2025-04-02 14:00:00
Site_2,3500.0,20.0,23.0,400,0,small,497,2025-04-02 14:00:00
Site_3,3500.0,20.0,23.0,0,400,small,553,2025-04-02 14:00:00
Site_4,3500.0,20.0,23.0,400,400,small,608,2025-04-02 14:00:00
Site_5,3500.0,20.0,23.0,200,200,small,630,2025-04-02 14:00:00
Site_1,3500.0,20.0,23.0,0,0,small,421,2025-04-02 15:00:00
Site_2,3500.0,20.0,23.0,400,0,small,500,2025-04-02 15:00:00
Site_3,3500.0,20.0,23.0,0,400,small,550,2025-04-02 15:00:00
Site_4,3500.0,20.0,23.0,400,400,small,601,2025-04-02 15:00:00
Site_5,3500.0,20.0,23.0,200,200,small,618,2025-04-02 15:00:00
Site_1,3500.0,20.0,23.0,0,0,small,404,2025-04-02 16:00:00
Site_2,3500.0,20.0,23.0,400,0,small,475,2025-04-02 16:00:00
Site_3,3500.0,20.0,23.0,0,400,small,536,2025-04-02 16:00:00
Site_4,3500.0,20.0,23.0,400,400,small,579,2025-04-02 16:00:00
Site_5,3500.0,20.0,23.0,200,200,small,604,2025-04-02 16:00:00
Site_1,3500.0,20.0,23.0,0,0,small,382,2025-04-02 17:00:00
Site_2,3500.0,20.0,23.0,400,0,small,434,2025-04-02 17:00:00
Site_3,3500.0,20.0,23.0,0,400,small,499,2025-04-02 17:00:00
Site_4,3500.0,20.0,23.0,400,400,small,562,2025-04-02 17:00:00
Site_5,3500.0,20.0,23.0,200,200,small,577,2025-04-02 17:00:00
Site_1,3500.0,20.0,23.0,0,0,small,336,2025-04-02 18:00:00
Site_2,3500.0,20.0,23.0,400,0,small,387,2025-04-02 18:00:00
Site_3,3500.0,20.0,23.0,0,400,small,450,2025-04-02 18:00:00
Site_4,3500.0,20.0,23.0,400,400,small,544,2025-04-02 18:00:00
Site_5,3500.0,20.0,23.0,200,200,small,538,2025-04-02 18:00:00
Site_1,3500.0,20.0,23.0,0,0,small,277,2025-04-02 19:00:00
Site_2,3500.0,20.0,23.0,400,0,small,355,2025-04-02 19:00:00
Site_3,3500.0,20.0,23.0,0,400,small,393,2025-04-02 19:00:00
Site_4,3500.0,20.0,23.0,400,400,small,508,2025-04-02 19:00:00
Site_5,3500.0,20.0,23.0,200,200,small,493,2025-04-02 19:00:00
Site_1,3500.0,20.0,23.0,0,0,small,240,2025-04-02 20:00:00
Site_2,3500.0,20.0,23.0,400,0,small,310,2025-04-02 20:00:00
Site_3,3500.0,20.0,23.0,0,400,small,366,2025-04-02 20:00:00
Site_4,3500.0,20.0,23.0,400,400,small,460,2025-04-02 20:00:00
Site_5,3500.0,20.0,23.0,200,200,small,449,2025-04-02 20:00:00
Site_1,3500.0,20.0,23.0,0,0,small,196,2025-04-02 21:00:00
Site_2,3500.0,20.0,23.0,400,0,small,255,2025-04-02 21:00:00
Site_3,3500.0,20.0,23.0,0,400,small,315,2025-04-02 21:00:00
Site_4,3500.0,20.0,23.0,400,400,small,408,2025-04-02 21:00:00
Site_5,3500.0,20.0,23.0,200,200,small,403,2025-04-02 21:00:00
Site_1,3500.0,20.0,23.0,0,0,small,151,2025-04-02 22:00:00
Site_2,3500.0,20.0,23.0,400,0,small,209,2025-04-02 22:00:00
Site_3,3500.0,20.0,23.0,0,400,small,270,2025-04-02 22:00:00
Site_4,3500.0,20.0,23.0,400,400,small,356,2025-04-02 22:00:00
Site_5,3500.0,20.0,23.0,200,200,small,361,2025-04-02 22:00:00
Site_1,3500.0,20.0,23.0,0,0,small,118,2025-04-02 23:00:00
Site_2,3500.0,20.0,23.0,400,0,small,192,2025-04-02 23:00:00
Site_3,3500.0,20.0,23.0,0,400,small,232,2025-04-02 23:00:00
Site_4,3500.0,20.0,23.0,400,400,small,321,2025-04-02 23:00:00
Site_5,3500.0,20.0,23.0,200,200,small,334,2025-04-02 23:00:00
Site_1,3500.0,20.0,23.0,0,0,small,84,2025-04-03 00:00:00
Site_2,3500.0,20.0,23.0,400,0,small,181,2025-04-03 00:00:00
Site_3,3500.0,20.0,23.0,0,400,small,216,2025-04-03 00:00:00
Site_4,3500.0,20.0,23.0,400,400,small,303,2025-04-03 00:00:00
Site_5,3500.0,20.0,23.0,200,200,small,320,2025-04-03 00:00:00
Site_1,3500.0,20.0,23.0,0,0,small,77,2025-04-03 01:00:00
Site_2,3500.0,20.0,23.0,400,0,small,152,2025-04-03 01:00:00
Site_3,3500.0,20.0,23.0,0,400,small,220,2025-04-03 01:00:00
Site_4,3500.0,20.0,23.0,400,400,small,291,2025-04-03 01:00:00
Site_5,3500.0,20.0,23.0,200,200,small,304,2025-04-03 01:00:00
Site_1,3500.0,20.0,23.0,0,0,small,79,2025-04-03 02:00:00
Site_2,3500.0,20.0,23.0,400,0,small,136,2025-04-03 02:00:00
Site_3,3500.0,20.0,23.0,0,400,small,218,2025-04-03 02:00:00
Site_4,3500.0,20.0,23.0,400,400,small,283,2025-04-03 02:00:00
Site_5,3500.0,20.0,23.0,200,200,small,309,2025-04-03 02:00:00
Site_1,3500.0,20.0,23.0,0,0,small,101,2025-04-03 03:00:00
Site_2,3500.0,20.0,23.0,400,0,small,155,2025-04-03 03:00:00
Site_3,3500.0,20.0,23.0,0,400,small,233,2025-04-03 03:00:00
Site_4,3500.0,20.0,23.0,400,400,small,292,2025-04-03 03:00:00
Site_5,3500.0,20.0,23.0,200,200,small,313,2025-04-03 03:00:00
Site_1,3500.0,20.0,23.0,0,0,small,109,2025-04-03 04:00:00
Site_2,3500.0,20.0,23.0,400,0,small,166,2025-04-03 04:00:00
Site_3,3500.0,20.0,23.0,0,400,small,249,2025-04-03 04:00:00
Site_4,3500.0,20.0,23.0,400,400,small,297,2025-04-03 04:00:00
Site_5,3500.0,20.0,23.0,200,200,small,332,2025-04-03 04:00:00
Site_1,3500.0,20.0,23.0,0,0,small,137,2025-04-03 05:00:00
Site_2,3500.0,20.0,23.0,400,0,small,205,2025-04-03 05:00:00
Site_3,3500.0,20.0,23.0,0,400,small,283,2025-04-03 05:00:00
Site_4,3500.0,20.0,23.0,400,400,small,321,2025-04-03 05:00:00
Site_5,3500.0,20.0,23.0,200,200,small,366,2025-04-03 05:00:00
Site_1,3500.0,20.0,23.0,0,0,small,167,2025-04-03 06:00:00
Site_2,3500.0,20.0,23.0,400,0,small,227,2025-04-03 06:00:00
Site_3,3500.0,20.0,23.0,0,400,small,312,2025-04-03 06:00:00
Site_4,3500.0,20.0,23.0,400,400,small,362,2025-04-03 06:00:00
Site_5,3500.0,20.0,23.0,200,200,small,402,2025-04-03 06:00:00
Site_1,3500.0,20.0,23.0,0,0,small,207,2025-04-03 07:00:00
Site_2,3500.0,20.0,23.0,400,0,small,266,2025-04-03 07:00:00
Site_3,3500.0,20.0,23.0,0,400,small,349,2025-04-03 07:00:00
Site_4,3500.0,20.0,23.0,400,400,small,405,2025-04-03 07:00:00
Site_5,3500.0,20.0,23.0,200,200,small,427,2025-04-03 07:00:00
Site_1,3500.0,20.0,23.0,0,0,small,241,2025-04-03 08:00:00
Site_2,3500.0,20.0,23.0,400,0,small,300,2025-04-03 08:00:00
Site_3,3500.0,20.0,23.0,0,400,small,395,2025-04-03 08:00:00
Site_4,3500.0,20.0,23.0,400,400,small,452,2025-04-03 08:00:00
Site_5,3500.0,20.0,23.0,200,200,small,471,2025-04-03 08:00:00
Site_1,3500.0,20.0,23.0,0,0,small,294,2025-04-03 09:00:00
Site_2,3500.0,20.0,23.0,400,0,small,363,2025-04-03 09:00:00
Site_3,3500.0,20.0,23.0,0,400,small,444,2025-04-03 09:00:00
Site_4,3500.0,20.0,23.0,400,400,small,502,2025-04-03 09:00:00
Site_5,3500.0,20.0,23.0,200,200,small,513,2025-04-03 09:00:00
Site_1,3500.0,20.0,23.0,0,0,small,356,2025-04-03 10:00:00
Site_2,3500.0,20.0,23.0,400,0,small,399,2025-04-03 10:00:00
Site_3,3500.0,20.0,23.0,0,400,small,480,2025-04-03 10:00:00
Site_4,3500.0,20.0,23.0,400,400,small,533,2025-04-03 10:00:00
Site_5,3500.0,20.0,23.0,200,200,small,555,2025-04-03 10:00:00
Site_1,3500.0,20.0,23.0,0,0,small,394,2025-04-03 11:00:00
Site_2,3500.0,20.0,23.0,400,0,small,435,2025-04-03 11:00:00
Site_3,3500.0,20.0,23.0,0,400,small,510,2025-04-03 11:00:00
Site_4,3500.0,20.0,23.0,400,400,small,557,2025-04-03 11:00:00
Site_5,3500.0,20.0,23.0,200,200,small,598,2025-04-03 11:00:00
Site_1,3500.0,20.0,23.0,0,0,small,415,2025-04-03 12:00:00
Site_2,3500.0,20.0,23.0,400,0,small,460,2025-04-03 12:00:00
Site_3,3500.0,20.0,23.0,0,400,small,534,2025-04-03 12:00:00
Site_4,3500.0,20.0,23.0,400,400,small,587,2025-04-03 12:00:00
Site_5,3500.0,20.0,23.0,200,200,small,615,2025-04-03 12:00:00
Site_1,3500.0,20.0,23.0,0,0,small,427,2025-04-03 13:00:00
Site_2,3500.0,20.0,23.0,400,0,small,476,2025-04-03 13:00:00
Site_3,3500.0,20.0,23.0,0,400,small,546,2025-04-03 13:00:00
Site_4,3500.0,20.0,23.0,400,400,small,592,2025-04-03 13:00:00
Site_5,3500.0,20.0,23.0,200,200,small,628,2025-04-03 13:00:00
Site_1,3500.0,20.0,23.0,0,0,small,433,2025-04-03 14:00:00
Site_2,3500.0,20.0,23.0,400,0,small,485,2025-04-03 14:00:00
Site_3,3500.0,20.0,23.0,0,400,small,545,2025-04-03 14:00:00
Site_4,3500.0,20.0,23.0,400,400,small,614,2025-04-03 14:00:00
Site_5,3500.0,20.0,23.0,200,200,small,635,2025-04-03 14:00:00
Site_1,3500.0,20.0,23.0,0,0,small,432,2025-04-03 15:00:00
Site_2,3500.0,20.0,23.0,400,0,small,490,2025-04-03 15:00:00
Site_3,3500.0,20.0,23.0,0,400,small,542,2025-04-03 15:00:00
Site_4,3500.0,20.0,23.0,400,400,small,602,2025-04-03 15:00:00
Site_5,3500.0,20.0,23.0,200,200,small,630,2025-04-03 15:00:00
Site_1,3500.0,20.0,23.0,0,0,small,413,2025-04-03 16:00:00
Site_2,3500.0,20.0,23.0,400,0,small,470,2025-04-03 16:00:00
Site_3,3500.0,20.0,23.0,0,400,small,526,2025-04-03 16:00:00
Site_4,3500.0,20.0,23.0,400,400,small,588,2025-04-03 16:00:00
Site_5,3500.0,20.0,23.0,200,200,small,614,2025-04-03 16:00:00
Site_1,3500.0,20.0,23.0,0,0,small,395,2025-04-03 17:00:00
Site_2,3500.0,20.0,23.0,400,0,small,432,2025-04-03 17:00:00
Site_3,3500.0,20.0,23.0,0,400,small,497,2025-04-03 17:00:00
Site_4,3500.0,20.0,23.0,400,400,small,565,2025-04-03 17:00:00
Site_5,3500.0,20.0,23.0,200,200,small,586,2025-04-03 17:00:00
Site_1,3500.0,20.0,23.0,0,0,small,361,2025-04-03 18:00:00
Site_2,3500.0,20.0,23.0,400,0,small,387,2025-04-03 18:00:00
Site_3,3500.0,20.0,23.0,0,400,small,469,2025-04-03 18:00:00
Site_4,3500.0,20.0,23.0,400,400,small,536,2025-04-03 18:00:00
Site_5,3500.0,20.0,23.0,200,200,small,558,2025-04-03 18:00:00
Site_1,3500.0,20.0,23.0,0,0,small,321,2025-04-03 19:00:00
Site_2,3500.0,20.0,23.0,400,0,small,346,2025-04-03 19:00:00
Site_3,3500.0,20.0,23.0,0,400,small,427,2025-04-03 19:00:00
Site_4,3500.0,20.0,23.0,400,400,small,498,2025-04-03 19:00:00
Site_5,3500.0,20.0,23.0,200,200,small,502,2025-04-03 19:00:00
Site_1,3500.0,20.0,23.0,0,0,small,273,2025-04-03 20:00:00
Site_2,3500.0,20.0,23.0,400,0,small,319,2025-04-03 20:00:00
Site_3,3500.0,20.0,23.0,0,400,small,377,2025-04-03 20:00:00
Site_4,3500.0,20.0,23.0,400,400,small,458,2025-04-03 20:00:00
Site_5,3500.0,20.0,23.0,200,200,small,462,2025-04-03 20:00:00
Site_1,3500.0,20.0,23.0,0,0,small,199,2025-04-03 21:00:00
Site_2,3500.0,20.0,23.0,400,0,small,285,2025-04-03 21:00:00
Site_3,3500.0,20.0,23.0,0,400,small,335,2025-04-03 21:00:00
Site_4,3500.0,20.0,23.0,400,400,small,418,2025-04-03 21:00:00
Site_5,3500.0,20.0,23.0,200,200,small,411,2025-04-03 21:00:00
Site_1,3500.0,20.0,23.0,0,0,small,137,2025-04-03 22:00:00
Site_2,3500.0,20.0,23.0,400,0,small,226,2025-04-03 22:00:00
Site_3,3500.0,20.0,23.0,0,400,small,304,2025-04-03 22:00:00
Site_4,3500.0,20.0,23.0,400,400,small,360,2025-04-03 22:00:00
Site_5,3500.0,20.0,23.0,200,200,small,386,2025-04-03 22:00:00
Site_1,3500.0,20.0,23.0,0,0,small,97,2025-04-03 23:00:00
Site_2,3500.0,20.0,23.0,400,0,small,182,2025-04-03 23:00:00
Site_3,3500.0,20.0,23.0,0,400,small,264,2025-04-03 23:00:00
Site_4,3500.0,20.0,23.0,400,400,small,317,2025-04-03 23:00:00
Site_5,3500.0,20.0,23.0,200,200,small,351,2025-04-03 23:00:00
Site_1,3500.0,20.0,23.0,0,0,small,74,2025-04-04 00:00:00
Site_2,3500.0,20.0,23.0,400,0,small,159,2025-04-04 00:00:00
Site_3,3500.0,20.0,23.0,0,400,small,245,2025-04-04 00:00:00
Site_4,3500.0,20.0,23.0,400,400,small,303,2025-04-04 00:00:00
Site_5,3500.0,20.0,23.0,200,200,small,321,2025-04-04 00:00:00
Site_1,3500.0,20.0,23.0,0,0,small,81,2025-04-04 01:00:00
Site_2,3500.0,20.0,23.0,400,0,small,132,2025-04-04 01:00:00
Site_3,3500.0,20.0,23.0,0,400,small,235,2025-04-04 01:00:00
Site_4,3500.0,20.0,23.0,400,400,small,285,2025-04-04 01:00:00
Site_5,3500.0,20.0,23.0,200,200,small,320,2025-04-04 01:00:00
Site_1,3500.0,20.0,23.0,0,0,small,88,2025-04-04 02:00:00
Site_2,3500.0,20.0,23.0,400,0,small,139,2025-04-04 02:00:00
Site_3,3500.0,20.0,23.0,0,400,small,228,2025-04-04 02:00:00
Site_4,3500.0,20.0,23.0,400,400,small,279,2025-04-04 02:00:00
Site_5,3500.0,20.0,23.0,200,200,small,310,2025-04-04 02:00:00
Site_1,3500.0,20.0,23.0,0,0,small,100,2025-04-04 03:00:00
Site_2,3500.0,20.0,23.0,400,0,small,144,2025-04-04 03:00:00
Site_3,3500.0,20.0,23.0,0,400,small,241,2025-04-04 03:00:00
Site_4,3500.0,20.0,23.0,400,400,small,291,2025-04-04 03:00:00
Site_5,3500.0,20.0,23.0,200,200,small,317,2025-04-04 03:00:00
Site_1,3500.0,20.0,23.0,0,0,small,119,2025-04-04 04:00:00
Site_2,3500.0,20.0,23.0,400,0,small,159,2025-04-04 04:00:00
Site_3,3500.0,20.0,23.0,0,400,small,244,2025-04-04 04:00:00
Site_4,3500.0,20.0,23.0,400,400,small,299,2025-04-04 04:00:00
Site_5,3500.0,20.0,23.0,200,200,small,338,2025-04-04 04:00:00
Site_1,3500.0,20.0,23.0,0,0,small,141,2025-04-04 05:00:00
Site_2,3500.0,20.0,23.0,400,0,small,167,2025-04-04 05:00:00
Site_3,3500.0,20.0,23.0,0,400,small,274,2025-04-04 05:00:00
Site_4,3500.0,20.0,23.0,400,400,small,322,2025-04-04 05:00:00
Site_5,3500.0,20.0,23.0,200,200,small,361,2025-04-04 05:00:00
Site_1,3500.0,20.0,23.0,0,0,small,182,2025-04-04 06:00:00
Site_2,3500.0,20.0,23.0,400,0,small,203,2025-04-04 06:00:00
Site_3,3500.0,20.0,23.0,0,400,small,292,2025-04-04 06:00:00
Site_4,3500.0,20.0,23.0,400,400,small,353,2025-04-04 06:00:00
Site_5,3500.0,20.0,23.0,200,200,small,399,2025-04-04 06:00:00
Site_1,3500.0,20.0,23.0,0,0,small,219,2025-04-04 07:00:00
Site_2,3500.0,20.0,23.0,400,0,small,244,2025-04-04 07:00:00
Site_3,3500.0,20.0,23.0,0,400,small,339,2025-04-04 07:00:00
Site_4,3500.0,20.0,23.0,400,400,small,391,2025-04-04 07:00:00
Site_5,3500.0,20.0,23.0,200,200,small,430,2025-04-04 07:00:00
Site_1,3500.0,20.0,23.0,0,0,small,268,2025-04-04 08:00:00
Site_2,3500.0,20.0,23.0,400,0,small,307,2025-04-04 08:00:00
Site_3,3500.0,20.0,23.0,0,400,small,382,2025-04-04 08:00:00
Site_4,3500.0,20.0,23.0,400,400,small,456,2025-04-04 08:00:00
Site_5,3500.0,20.0,23.0,200,200,small,466,2025-04-04 08:00:00
Site_1,3500.0,20.0,23.0,0,0,small,317,2025-04-04 09:00:00
Site_2,3500.0,20.0,23.0,400,0,small,362,2025-04-04 09:00:00
Site_3,3500.0,20.0,23.0,0,400,small,433,2025-04-04 09:00:00
Site_4,3500.0,20.0,23.0,400,400,small,506,2025-04-04 09:00:00
Site_5,3500.0,20.0,23.0,200,200,small,510,2025-04-04 09:00:00
Site_1,3500.0,20.0,23.0,0,0,small,361,2025-04-04 10:00:00
Site_2,3500.0,20.0,23.0,400,0,small,395,2025-04-04 10:00:00
Site_3,3500.0,20.0,23.0,0,400,small,466,2025-04-04 10:00:00
Site_4,3500.0,20.0,23.0,400,400,small,539,2025-04-04 10:00:00
Site_5,3500.0,20.0,23.0,200,200,small,550,2025-04-04 10:00:00
Site_1,3500.0,20.0,23.0,0,0,small,394,2025-04-04 11:00:00
Site_2,3500.0,20.0,23.0,400,0,small,431,2025-04-04 11:00:00
Site_3,3500.0,20.0,23.0,0,400,small,499,2025-04-04 11:00:00
Site_4,3500.0,20.0,23.0,400,400,small,566,2025-04-04 11:00:00
Site_5,3500.0,20.0,23.0,200,200,small,595,2025-04-04 11:00:00
Site_1,3500.0,20.0,23.0,0,0,small,411,2025-04-04 12:00:00
Site_2,3500.0,20.0,23.0,400,0,small,464,2025-04-04 12:00:00
Site_3,3500.0,20.0,23.0,0,400,small,521,2025-04-04 12:00:00
Site_4,3500.0,20.0,23.0,400,400,small,594,2025-04-04 12:00:00
Site_5,3500.0,20.0,23.0,200,200,small,614,2025-04-04 12:00:00
Site_1,3500.0,20.0,23.0,0,0,small,427,2025-04-04 13:00:00
Site_2,3500.0,20.0,23.0,400,0,small,484,2025-04-04 13:00:00
Site_3,3500.0,20.0,23.0,0,400,small,540,2025-04-04 13:00:00
Site_4,3500.0,20.0,23.0,400,400,small,602,2025-04-04 13:00:00
Site_5,3500.0,20.0,23.0,200,200,small,631,2025-04-04 13:00:00
Site_1,3500.0,20.0,23.0,0,0,small,432,2025-04-04 14:00:00
Site_2,3500.0,20.0,23.0,400,0,small,492,2025-04-04 14:00:00
Site_3,3500.0,20.0,23.0,0,400,small,545,2025-04-04 14:00:00
Site_4,3500.0,20.0,23.0,400,400,small,608,2025-04-04 14:00:00
Site_5,3500.0,20.0,23.0,200,200,small,631,2025-04-04 14:00:00
Site_1,3500.0,20.0,23.0,0,0,small,424,2025-04-04 15:00:00
Site_2,3500.0,20.0,23.0,400,0,small,494,2025-04-04 15:00:00
Site_3,3500.0,20.0,23.0,0,400,small,547,2025-04-04 15:00:00
Site_4,3500.0,20.0,23.0,400,400,small,613,2025-04-04 15:00:00
Site_5,3500.0,20.0,23.0,200,200,small,621,2025-04-04 15:00:00
Site_1,3500.0,20.0,23.0,0,0,small,411,2025-04-04 16:00:00
Site_2,3500.0,20.0,23.0,400,0,small,479,2025-04-04 16:00:00
Site_3,3500.0,20.0,23.0,0,400,small,519,2025-04-04 16:00:00
Site_4,3500.0,20.0,23.0,400,400,small,583,2025-04-04 16:00:00
Site_5,3500.0,20.0,23.0,200,200,small,599,2025-04-04 16:00:00
Site_1,3500.0,20.0,23.0,0,0,small,389,2025-04-04 17:00:00
Site_2,3500.0,20.0,23.0,400,0,small,466,2025-04-04 17:00:00
Site_3,3500.0,20.0,23.0,0,400,small,493,2025-04-04 17:00:00
Site_4,3500.0,20.0,23.0,400,400,small,564,2025-04-04 17:00:00
Site_5,3500.0,20.0,23.0,200,200,small,578,2025-04-04 17:00:00
Site_1,3500.0,20.0,23.0,0,0,small,357,2025-04-04 18:00:00
Site_2,3500.0,20.0,23.0,400,0,small,420,2025-04-04 18:00:00
Site_3,3500.0,20.0,23.0,0,400,small,465,2025-04-04 18:00:00
Site_4,3500.0,20.0,23.0,400,400,small,522,2025-04-04 18:00:00
Site_5,3500.0,20.0,23.0,200,200,small,551,2025-04-04 18:00:00
Site_1,3500.0,20.0,23.0,0,0,small,308,2025-04-04 19:00:00
Site_2,3500.0,20.0,23.0,400,0,small,352,2025-04-04 19:00:00
Site_3,3500.0,20.0,23.0,0,400,small,411,2025-04-04 19:00:00
Site_4,3500.0,20.0,23.0,400,400,small,488,2025-04-04 19:00:00
Site_5,3500.0,20.0,23.0,200,200,small,495,2025-04-04 19:00:00
Site_1,3500.0,20.0,23.0,0,0,small,263,2025-04-04 20:00:00
Site_2,3500.0,20.0,23.0,400,0,small,294,2025-04-04 20:00:00
Site_3,3500.0,20.0,23.0,0,400,small,369,2025-04-04 20:00:00
Site_4,3500.0,20.0,23.0,400,400,small,439,2025-04-04 20:00:00
Site_5,3500.0,20.0,23.0,200,200,small,461,2025-04-04 20:00:00
Site_1,3500.0,20.0,23.0,0,0,small,217,2025-04-04 21:00:00
Site_2,3500.0,20.0,23.0,400,0,small,272,2025-04-04 21:00:00
Site_3,3500.0,20.0,23.0,0,400,small,322,2025-04-04 21:00:00
Site_4,3500.0,20.0,23.0,400,400,small,402,2025-04-04 21:00:00
Site_5,3500.0,20.0,23.0,200,200,small,428,2025-04-04 21:00:00
Site_1,3500.0,20.0,23.0,0,0,small,158,2025-04-04 22:00:00
Site_2,3500.0,20.0,23.0,400,0,small,237,2025-04-04 22:00:00
Site_3,3500.0,20.0,23.0,0,400,small,284,2025-04-04 22:00:00
Site_4,3500.0,20.0,23.0,400,400,small,376,2025-04-04 22:00:00
Site_5,3500.0,20.0,23.0,200,200,small,390,2025-04-04 22:00:00
Site_1,3500.0,20.0,23.0,0,0,small,115,2025-04-04 23:00:00
Site_2,3500.0,20.0,23.0,400,0,small,192,2025-04-04 23:00:00
Site_3,3500.0,20.0,23.0,0,400,small,268,2025-04-04 23:00:00
Site_4,3500.0,20.0,23.0,400,400,small,340,2025-04-04 23:00:00
Site_5,3500.0,20.0,23.0,200,200,small,357,2025-04-04 23:00:00
Site_1,3500.0,20.0,23.0,0,0,small,87,2025-04-05 00:00:00
Site_2,3500.0,20.0,23.0,400,0,small,172,2025-04-05 00:00:00
Site_3,3500.0,20.0,23.0,0,400,small,251,2025-04-05 00:00:00
Site_4,3500.0,20.0,23.0,400,400,small,317,2025-04-05 00:00:00
Site_5,3500.0,20.0,23.0,200,200,small,339,2025-04-05 00:00:00
Site_1,3500.0,20.0,23.0,0,0,small,81,2025-04-05 01:00:00
Site_2,3500.0,20.0,23.0,400,0,small,142,2025-04-05 01:00:00
Site_3,3500.0,20.0,23.0,0,400,small,231,2025-04-05 01:00:00
Site_4,3500.0,20.0,23.0,400,400,small,297,2025-04-05 01:00:00
Site_5,3500.0,20.0,23.0,200,200,small,321,2025-04-05 01:00:00
Site_1,3500.0,20.0,23.0,0,0,small,81,2025-04-05 02:00:00
Site_2,3500.0,20.0,23.0,400,0,small,132,2025-04-05 02:00:00
Site_3,3500.0,20.0,23.0,0,400,small,222,2025-04-05 02:00:00
Site_4,3500.0,20.0,23.0,400,400,small,300,2025-04-05 02:00:00
Site_5,3500.0,20.0,23.0,200,200,small,312,2025-04-05 02:00:00
Site_1,3500.0,20.0,23.0,0,0,small,93,2025-04-05 03:00:00
Site_2,3500.0,20.0,23.0,400,0,small,145,2025-04-05 03:00:00
Site_3,3500.0,20.0,23.0,0,400,small,228,2025-04-05 03:00:00
Site_4,3500.0,20.0,23.0,400,400,small,289,2025-04-05 03:00:00
Site_5,3500.0,20.0,23.0,200,200,small,318,2025-04-05 03:00:00
Site_1,3500.0,20.0,23.0,0,0,small,128,2025-04-05 04:00:00
Site_2,3500.0,20.0,23.0,400,0,small,158,2025-04-05 04:00:00
Site_3,3500.0,20.0,23.0,0,400,small,233,2025-04-05 04:00:00
Site_4,3500.0,20.0,23.0,400,400,small,300,2025-04-05 04:00:00
Site_5,3500.0,20.0,23.0,200,200,small,335,2025-04-05 04:00:00
Site_1,3500.0,20.0,23.0,0,0,small,162,2025-04-05 05:00:00
Site_2,3500.0,20.0,23.0,400,0,small,186,2025-04-05 05:00:00
Site_3,3500.0,20.0,23.0,0,400,small,261,2025-04-05 05:00:00
Site_4,3500.0,20.0,23.0,400,400,small,315,2025-04-05 05:00:00
Site_5,3500.0,20.0,23.0,200,200,small,356,2025-04-05 05:00:00
Site_1,3500.0,20.0,23.0,0,0,small,199,2025-04-05 06:00:00
Site_2,3500.0,20.0,23.0,400,0,small,217,2025-04-05 06:00:00
Site_3,3500.0,20.0,23.0,0,400,small,292,2025-04-05 06:00:00
Site_4,3500.0,20.0,23.0,400,400,small,355,2025-04-05 06:00:00
Site_5,3500.0,20.0,23.0,200,200,small,387,2025-04-05 06:00:00
Site_1,3500.0,20.0,23.0,0,0,small,244,2025-04-05 07:00:00
Site_2,3500.0,20.0,23.0,400,0,small,264,2025-04-05 07:00:00
Site_3,3500.0,20.0,23.0,0,400,small,326,2025-04-05 07:00:00
Site_4,3500.0,20.0,23.0,400,400,small,400,2025-04-05 07:00:00
Site_5,3500.0,20.0,23.0,200,200,small,433,2025-04-05 07:00:00
Site_1,3500.0,20.0,23.0,0,0,small,291,2025-04-05 08:00:00
Site_2,3500.0,20.0,23.0,400,0,small,302,2025-04-05 08:00:00
Site_3,3500.0,20.0,23.0,0,400,small,369,2025-04-05 08:00:00
Site_4,3500.0,20.0,23.0,400,400,small,440,2025-04-05 08:00:00
Site_5,3500.0,20.0,23.0,200,200,small,469,2025-04-05 08:00:00
Site_1,3500.0,20.0,23.0,0,0,small,329,2025-04-05 09:00:00
Site_2,3500.0,20.0,23.0,400,0,small,320,2025-04-05 09:00:00
Site_3,3500.0,20.0,23.0,0,400,small,414,2025-04-05 09:00:00
Site_4,3500.0,20.0,23.0,400,400,small,486,2025-04-05 09:00:00
Site_5,3500.0,20.0,23.0,200,200,small,504,2025-04-05 09:00:00
Site_1,3500.0,20.0,23.0,0,0,small,367,2025-04-05 10:00:00
Site_2,3500.0,20.0,23.0,400,0,small,366,2025-04-05 10:00:00
Site_3,3500.0,20.0,23.0,0,400,small,460,2025-04-05 10:00:00
Site_4,3500.0,20.0,23.0,400,400,small,523,2025-04-05 10:00:00
Site_5,3500.0,20.0,23.0,200,200,small,542,2025-04-05 10:00:00
Site_1,3500.0,20.0,23.0,0,0,small,393,2025-04-05 11:00:00
Site_2,3500.0,20.0,23.0,400,0,small,410,2025-04-05 11:00:00
Site_3,3500.0,20.0,23.0,0,400,small,504,2025-04-05 11:00:00
Site_4,3500.0,20.0,23.0,400,400,small,561,2025-04-05 11:00:00
Site_5,3500.0,20.0,23.0,200,200,small,589,2025-04-05 11:00:00
Site_1,3500.0,20.0,23.0,0,0,small,416,2025-04-05 12:00:00
Site_2,3500.0,20.0,23.0,400,0,small,436,2025-04-05 12:00:00
Site_3,3500.0,20.0,23.0,0,400,small,526,2025-04-05 12:00:00
Site_4,3500.0,20.0,23.0,400,400,small,582,2025-04-05 12:00:00
Site_5,3500.0,20.0,23.0,200,200,small,617,2025-04-05 12:00:00
Site_1,3500.0,20.0,23.0,0,0,small,431,2025-04-05 13:00:00
Site_2,3500.0,20.0,23.0,400,0,small,466,2025-04-05 13:00:00
Site_3,3500.0,20.0,23.0,0,400,small,544,2025-04-05 13:00:00
Site_4,3500.0,20.0,23.0,400,400,small,595,2025-04-05 13:00:00
Site_5,3500.0,20.0,23.0,200,200,small,627,2025-04-05 13:00:00
Site_1,3500.0,20.0,23.0,0,0,small,433,2025-04-05 14:00:00
Site_2,3500.0,20.0,23.0,400,0,small,483,2025-04-05 14:00:00
Site_3,3500.0,20.0,23.0,0,400,small,549,2025-04-05 14:00:00
Site_4,3500.0,20.0,23.0,400,400,small,608,2025-04-05 14:00:00
Site_5,3500.0,20.0,23.0,200,200,small,636,2025-04-05 14:00:00
Site_1,3500.0,20.0,23.0,0,0,small,420,2025-04-05 15:00:00
Site_2,3500.0,20.0,23.0,400,0,small,486,2025-04-05 15:00:00
Site_3,3500.0,20.0,23.0,0,400,small,548,2025-04-05 15:00:00
Site_4,3500.0,20.0,23.0,400,400,small,601,2025-04-05 15:00:00
Site_5,3500.0,20.0,23.0,200,200,small,625,2025-04-05 15:00:00
Site_1,3500.0,20.0,23.0,0,0,small,401,2025-04-05 16:00:00
Site_2,3500.0,20.0,23.0,400,0,small,466,2025-04-05 16:00:00
Site_3,3500.0,20.0,23.0,0,400,small,538,2025-04-05 16:00:00
Site_4,3500.0,20.0,23.0,400,400,small,600,2025-04-05 16:00:00
Site_5,3500.0,20.0,23.0,200,200,small,610,2025-04-05 16:00:00
Site_1,3500.0,20.0,23.0,0,0,small,373,2025-04-05 17:00:00
Site_2,3500.0,20.0,23.0,400,0,small,427,2025-04-05 17:00:00
Site_3,3500.0,20.0,23.0,0,400,small,510,2025-04-05 17:00:00
Site_4,3500.0,20.0,23.0,400,400,small,582,2025-04-05 17:00:00
Site_5,3500.0,20.0,23.0,200,200,small,586,2025-04-05 17:00:00
Site_1,3500.0,20.0,23.0,0,0,small,328,2025-04-05 18:00:00
Site_2,3500.0,20.0,23.0,400,0,small,376,2025-04-05 18:00:00
Site_3,3500.0,20.0,23.0,0,400,small,465,2025-04-05 18:00:00
Site_4,3500.0,20.0,23.0,400,400,small,543,2025-04-05 18:00:00
Site_5,3500.0,20.0,23.0,200,200,small,559,2025-04-05 18:00:00
Site_1,3500.0,20.0,23.0,0,0,small,269,2025-04-05 19:00:00
Site_2,3500.0,20.0,23.0,400,0,small,354,2025-04-05 19:00:00
Site_3,3500.0,20.0,23.0,0,400,small,422,2025-04-05 19:00:00
Site_4,3500.0,20.0,23.0,400,400,small,504,2025-04-05 19:00:00
Site_5,3500.0,20.0,23.0,200,200,small,533,2025-04-05 19:00:00
Site_1,3500.0,20.0,23.0,0,0,small,226,2025-04-05 20:00:00
Site_2,3500.0,20.0,23.0,400,0,small,313,2025-04-05 20:00:00
Site_3,3500.0,20.0,23.0,0,400,small,368,2025-04-05 20:00:00
Site_4,3500.0,20.0,23.0,400,400,small,458,2025-04-05 20:00:00
Site_5,3500.0,20.0,23.0,200,200,small,488,2025-04-05 20:00:00
Site_1,3500.0,20.0,23.0,0,0,small,195,2025-04-05 21:00:00
Site_2,3500.0,20.0,23.0,400,0,small,260,2025-04-05 21:00:00
Site_3,3500.0,20.0,23.0,0,400,small,333,2025-04-05 21:00:00
Site_4,3500.0,20.0,23.0,400,400,small,428,2025-04-05 21:00:00
Site_5,3500.0,20.0,23.0,200,200,small,445,2025-04-05 21:00:00
Site_1,3500.0,20.0,23.0,0,0,small,150,2025-04-05 22:00:00
Site_2,3500.0,20.0,23.0,400,0,small,188,2025-04-05 22:00:00
Site_3,3500.0,20.0,23.0,0,400,small,295,2025-04-05 22:00:00
Site_4,3500.0,20.0,23.0,400,400,small,367,2025-04-05 22:00:00
Site_5,3500.0,20.0,23.0,200,200,small,406,2025-04-05 22:00:00
Site_1,3500.0,20.0,23.0,0,0,small,123,2025-04-05 23:00:00
Site_2,3500.0,20.0,23.0,400,0,small,142,2025-04-05 23:00:00
Site_3,3500.0,20.0,23.0,0,400,small,266,2025-04-05 23:00:00
Site_4,3500.0,20.0,23.0,400,400,small,314,2025-04-05 23:00:00
Site_5,3500.0,20.0,23.0,200,200,small,368,2025-04-05 23:00:00
Site_1,3500.0,20.0,23.0,0,0,small,105,2025-04-06 00:00:00
Site_2,3500.0,20.0,23.0,400,0,small,109,2025-04-06 00:00:00
Site_3,3500.0,20.0,23.0,0,400,small,232,2025-04-06 00:00:00
Site_4,3500.0,20.0,23.0,400,400,small,299,2025-04-06 00:00:00
Site_5,3500.0,20.0,23.0,200,200,small,340,2025-04-06 00:00:00
Site_1,3500.0,20.0,23.0,0,0,small,99,2025-04-06 01:00:00
Site_2,3500.0,20.0,23.0,400,0,small,106,2025-04-06 01:00:00
Site_3,3500.0,20.0,23.0,0,400,small,220,2025-04-06 01:00:00
Site_4,3500.0,20.0,23.0,400,400,small,293,2025-04-06 01:00:00
Site_5,3500.0,20.0,23.0,200,200,small,321,2025-04-06 01:00:00
Site_1,3500.0,20.0,23.0,0,0,small,109,2025-04-06 02:00:00
Site_2,3500.0,20.0,23.0,400,0,small,123,2025-04-06 02:00:00
Site_3,3500.0,20.0,23.0,0,400,small,206,2025-04-06 02:00:00
Site_4,3500.0,20.0,23.0,400,400,small,280,2025-04-06 02:00:00
Site_5,3500.0,20.0,23.0,200,200,small,329,2025-04-06 02:00:00
Site_1,3500.0,20.0,23.0,0,0,small,108,2025-04-06 03:00:00
Site_2,3500.0,20.0,23.0,400,0,small,138,2025-04-06 03:00:00
Site_3,3500.0,20.0,23.0,0,400,small,228,2025-04-06 03:00:00
Site_4,3500.0,20.0,23.0,400,400,small,270,2025-04-06 03:00:00
Site_5,3500.0,20.0,23.0,200,200,small,331,2025-04-06 03:00:00
Site_1,3500.0,20.0,23.0,0,0,small,126,2025-04-06 04:00:00
Site_2,3500.0,20.0,23.0,400,0,small,166,2025-04-06 04:00:00
Site_3,3500.0,20.0,23.0,0,400,small,249,2025-04-06 04:00:00
Site_4,3500.0,20.0,23.0,400,400,small,293,2025-04-06 04:00:00
Site_5,3500.0,20.0,23.0,200,200,small,343,2025-04-06 04:00:00
Site_1,3500.0,20.0,23.0,0,0,small,157,2025-04-06 05:00:00
Site_2,3500.0,20.0,23.0,400,0,small,184,2025-04-06 05:00:00
Site_3,3500.0,20.0,23.0,0,400,small,280,2025-04-06 05:00:00
Site_4,3500.0,20.0,23.0,400,400,small,327,2025-04-06 05:00:00
Site_5,3500.0,20.0,23.0,200,200,small,371,2025-04-06 05:00:00
Site_1,3500.0,20.0,23.0,0,0,small,200,2025-04-06 06:00:00
Site_2,3500.0,20.0,23.0,400,0,small,221,2025-04-06 06:00:00
Site_3,3500.0,20.0,23.0,0,400,small,321,2025-04-06 06:00:00
Site_4,3500.0,20.0,23.0,400,400,small,367,2025-04-06 06:00:00
Site_5,3500.0,20.0,23.0,200,200,small,414,2025-04-06 06:00:00
Site_1,3500.0,20.0,23.0,0,0,small,268,2025-04-06 07:00:00
Site_2,3500.0,20.0,23.0,400,0,small,269,2025-04-06 07:00:00
Site_3,3500.0,20.0,23.0,0,400,small,384,2025-04-06 07:00:00
Site_4,3500.0,20.0,23.0,400,400,small,441,2025-04-06 07:00:00
Site_5,3500.0,20.0,23.0,200,200,small,475,2025-04-06 07:00:00
Site_1,3500.0,20.0,23.0,0,0,small,316,2025-04-06 08:00:00
Site_2,3500.0,20.0,23.0,400,0,small,330,2025-04-06 08:00:00
Site_3,3500.0,20.0,23.0,0,400,small,428,2025-04-06 08:00:00
Site_4,3500.0,20.0,23.0,400,400,small,501,2025-04-06 08:00:00
Site_5,3500.0,20.0,23.0,200,200,small,529,2025-04-06 08:00:00
Site_1,3500.0,20.0,23.0,0,0,small,364,2025-04-06 09:00:00
Site_2,3500.0,20.0,23.0,400,0,small,414,2025-04-06 09:00:00
Site_3,3500.0,20.0,23.0,0,400,small,476,2025-04-06 09:00:00
Site_4,3500.0,20.0,23.0,400,400,small,541,2025-04-06 09:00:00
Site_5,3500.0,20.0,23.0,200,200,small,567,2025-04-06 09:00:00
Site_1,3500.0,20.0,23.0,0,0,small,397,2025-04-06 10:00:00
Site_2,3500.0,20.0,23.0,400,0,small,443,2025-04-06 10:00:00
Site_3,3500.0,20.0,23.0,0,400,small,522,2025-04-06 10:00:00
Site_4,3500.0,20.0,23.0,400,400,small,590,2025-04-06 10:00:00
Site_5,3500.0,20.0,23.0,200,200,small,614,2025-04-06 10:00:00
Site_1,3500.0,20.0,23.0,0,0,small,428,2025-04-06 11:00:00
Site_2,3500.0,20.0,23.0,400,0,small,479,2025-04-06 11:00:00
Site_3,3500.0,20.0,23.0,0,400,small,553,2025-04-06 11:00:00
Site_4,3500.0,20.0,23.0,400,400,small,617,2025-04-06 11:00:00
Site_5,3500.0,20.0,23.0,200,200,small,636,2025-04-06 11:00:00
Site_1,3500.0,20.0,23.0,0,0,small,454,2025-04-06 12:00:00
Site_2,3500.0,20.0,23.0,400,0,small,502,2025-04-06 12:00:00
Site_3,3500.0,20.0,23.0,0,400,small,577,2025-04-06 12:00:00
Site_4,3500.0,20.0,23.0,400,400,small,638,2025-04-06 12:00:00
Site_5,3500.0,20.0,23.0,200,200,small,653,2025-04-06 12:00:00
Site_1,3500.0,20.0,23.0,0,0,small,460,2025-04-06 13:00:00
Site_2,3500.0,20.0,23.0,400,0,small,523,2025-04-06 13:00:00
Site_3,3500.0,20.0,23.0,0,400,small,584,2025-04-06 13:00:00
Site_4,3500.0,20.0,23.0,400,400,small,639,2025-04-06 13:00:00
Site_5,3500.0,20.0,23.0,200,200,small,658,2025-04-06 13:00:00
Site_1,3500.0,20.0,23.0,0,0,small,455,2025-04-06 14:00:00
Site_2,3500.0,20.0,23.0,400,0,small,522,2025-04-06 14:00:00
Site_3,3500.0,20.0,23.0,0,400,small,586,2025-04-06 14:00:00
Site_4,3500.0,20.0,23.0,400,400,small,641,2025-04-06 14:00:00
Site_5,3500.0,20.0,23.0,200,200,small,658,2025-04-06 14:00:00
Site_1,3500.0,20.0,23.0,0,0,small,446,2025-04-06 15:00:00
Site_2,3500.0,20.0,23.0,400,0,small,512,2025-04-06 15:00:00
Site_3,3500.0,20.0,23.0,0,400,small,581,2025-04-06 15:00:00
Site_4,3500.0,20.0,23.0,400,400,small,623,2025-04-06 15:00:00
Site_5,3500.0,20.0,23.0,200,200,small,648,2025-04-06 15:00:00
Site_1,3500.0,20.0,23.0,0,0,small,431,2025-04-06 16:00:00
Site_2,3500.0,20.0,23.0,400,0,small,500,2025-04-06 16:00:00
Site_3,3500.0,20.0,23.0,0,400,small,563,2025-04-06 16:00:00
Site_4,3500.0,20.0,23.0,400,400,small,609,2025-04-06 16:00:00
Site_5,3500.0,20.0,23.0,200,200,small,626,2025-04-06 16:00:00
Site_1,3500.0,20.0,23.0,0,0,small,394,2025-04-06 17:00:00
Site_2,3500.0,20.0,23.0,400,0,small,477,2025-04-06 17:00:00
Site_3,3500.0,20.0,23.0,0,400,small,520,2025-04-06 17:00:00
Site_4,3500.0,20.0,23.0,400,400,small,580,2025-04-06 17:00:00
Site_5,3500.0,20.0,23.0,200,200,small,597,2025-04-06 17:00:00
Site_1,3500.0,20.0,23.0,0,0,small,370,2025-04-06 18:00:00
Site_2,3500.0,20.0,23.0,400,0,small,419,2025-04-06 18:00:00
Site_3,3500.0,20.0,23.0,0,400,small,461,2025-04-06 18:00:00
Site_4,3500.0,20.0,23.0,400,400,small,545,2025-04-06 18:00:00
Site_5,3500.0,20.0,23.0,200,200,small,564,2025-04-06 18:00:00
Site_1,3500.0,20.0,23.0,0,0,small,312,2025-04-06 19:00:00
Site_2,3500.0,20.0,23.0,400,0,small,368,2025-04-06 19:00:00
Site_3,3500.0,20.0,23.0,0,400,small,441,2025-04-06 19:00:00
Site_4,3500.0,20.0,23.0,400,400,small,503,2025-04-06 19:00:00
Site_5,3500.0,20.0,23.0,200,200,small,532,2025-04-06 19:00:00
Site_1,3500.0,20.0,23.0,0,0,small,276,2025-04-06 20:00:00
Site_2,3500.0,20.0,23.0,400,0,small,312,2025-04-06 20:00:00
Site_3,3500.0,20.0,23.0,0,400,small,389,2025-04-06 20:00:00
Site_4,3500.0,20.0,23.0,400,400,small,466,2025-04-06 20:00:00
Site_5,3500.0,20.0,23.0,200,200,small,505,2025-04-06 20:00:00
Site_1,3500.0,20.0,23.0,0,0,small,222,2025-04-06 21:00:00
Site_2,3500.0,20.0,23.0,400,0,small,266,2025-04-06 21:00:00
Site_3,3500.0,20.0,23.0,0,400,small,350,2025-04-06 21:00:00
Site_4,3500.0,20.0,23.0,400,400,small,415,2025-04-06 21:00:00
Site_5,3500.0,20.0,23.0,200,200,small,467,2025-04-06 21:00:00
Site_1,3500.0,20.0,23.0,0,0,small,178,2025-04-06 22:00:00
Site_2,3500.0,20.0,23.0,400,0,small,243,2025-04-06 22:00:00
Site_3,3500.0,20.0,23.0,0,400,small,337,2025-04-06 22:00:00
Site_4,3500.0,20.0,23.0,400,400,small,382,2025-04-06 22:00:00
Site_5,3500.0,20.0,23.0,200,200,small,423,2025-04-06 22:00:00
Site_1,3500.0,20.0,23.0,0,0,small,126,2025-04-06 23:00:00
Site_2,3500.0,20.0,23.0,400,0,small,206,2025-04-06 23:00:00
Site_3,3500.0,20.0,23.0,0,400,small,312,2025-04-06 23:00:00
Site_4,3500.0,20.0,23.0,400,400,small,366,2025-04-06 23:00:00
Site_5,3500.0,20.0,23.0,200,200,small,369,2025-04-06 23:00:00
Site_1,3500.0,20.0,23.0,0,0,small,117,2025-04-07 00:00:00
Site_2,3500.0,20.0,23.0,400,0,small,164,2025-04-07 00:00:00
Site_3,3500.0,20.0,23.0,0,400,small,279,2025-04-07 00:00:00
Site_4,3500.0,20.0,23.0,400,400,small,338,2025-04-07 00:00:00
Site_5,3500.0,20.0,23.0,200,200,small,349,2025-04-07 00:00:00
Site_1,3500.0,20.0,23.0,0,0,small,124,2025-04-07 01:00:00
Site_2,3500.0,20.0,23.0,400,0,small,152,2025-04-07 01:00:00
Site_3,3500.0,20.0,23.0,0,400,small,277,2025-04-07 01:00:00
Site_4,3500.0,20.0,23.0,400,400,small,337,2025-04-07 01:00:00
Site_5,3500.0,20.0,23.0,200,200,small,357,2025-04-07 01:00:00
Site_1,3500.0,20.0,23.0,0,0,small,117,2025-04-07 02:00:00
Site_2,3500.0,20.0,23.0,400,0,small,160,2025-04-07 02:00:00
Site_3,3500.0,20.0,23.0,0,400,small,252,2025-04-07 02:00:00
Site_4,3500.0,20.0,23.0,400,400,small,314,2025-04-07 02:00:00
Site_5,3500.0,20.0,23.0,200,200,small,348,2025-04-07 02:00:00
Site_1,3500.0,20.0,23.0,0,0,small,129,2025-04-07 03:00:00
Site_2,3500.0,20.0,23.0,400,0,small,170,2025-04-07 03:00:00
Site_3,3500.0,20.0,23.0,0,400,small,242,2025-04-07 03:00:00
Site_4,3500.0,20.0,23.0,400,400,small,316,2025-04-07 03:00:00
Site_5,3500.0,20.0,23.0,200,200,small,355,2025-04-07 03:00:00
Site_1,3500.0,20.0,23.0,0,0,small,140,2025-04-07 04:00:00
Site_2,3500.0,20.0,23.0,400,0,small,186,2025-04-07 04:00:00
Site_3,3500.0,20.0,23.0,0,400,small,260,2025-04-07 04:00:00
Site_4,3500.0,20.0,23.0,400,400,small,329,2025-04-07 04:00:00
Site_5,3500.0,20.0,23.0,200,200,small,368,2025-04-07 04:00:00
Site_1,3500.0,20.0,23.0,0,0,small,173,2025-04-07 05:00:00
Site_2,3500.0,20.0,23.0,400,0,small,207,2025-04-07 05:00:00
Site_3,3500.0,20.0,23.0,0,400,small,299,2025-04-07 05:00:00
Site_4,3500.0,20.0,23.0,400,400,small,354,2025-04-07 05:00:00
Site_5,3500.0,20.0,23.0,200,200,small,405,2025-04-07 05:00:00
Site_1,3500.0,20.0,23.0,0,0,small,219,2025-04-07 06:00:00
Site_2,3500.0,20.0,23.0,400,0,small,242,2025-04-07 06:00:00
Site_3,3500.0,20.0,23.0,0,400,small,330,2025-04-07 06:00:00
Site_4,3500.0,20.0,23.0,400,400,small,389,2025-04-07 06:00:00
Site_5,3500.0,20.0,23.0,200,200,small,446,2025-04-07 06:00:00
Site_1,3500.0,20.0,23.0,0,0,small,281,2025-04-07 07:00:00
Site_2,3500.0,20.0,23.0,400,0,small,292,2025-04-07 07:00:00
Site_3,3500.0,20.0,23.0,0,400,small,377,2025-04-07 07:00:00
Site_4,3500.0,20.0,23.0,400,400,small,433,2025-04-07 07:00:00
Site_5,3500.0,20.0,23.0,200,200,small,486,2025-04-07 07:00:00
Site_1,3500.0,20.0,23.0,0,0,small,355,2025-04-07 08:00:00
Site_2,3500.0,20.0,23.0,400,0,small,349,2025-04-07 08:00:00
Site_3,3500.0,20.0,23.0,0,400,small,438,2025-04-07 08:00:00
Site_4,3500.0,20.0,23.0,400,400,small,492,2025-04-07 08:00:00
Site_5,3500.0,20.0,23.0,200,200,small,538,2025-04-07 08:00:00
Site_1,3500.0,20.0,23.0,0,0,small,405,2025-04-07 09:00:00
Site_2,3500.0,20.0,23.0,400,0,small,422,2025-04-07 09:00:00
Site_3,3500.0,20.0,23.0,0,400,small,486,2025-04-07 09:00:00
Site_4,3500.0,20.0,23.0,400,400,small,558,2025-04-07 09:00:00
Site_5,3500.0,20.0,23.0,200,200,small,582,2025-04-07 09:00:00
Site_1,3500.0,20.0,23.0,0,0,small,430,2025-04-07 10:00:00
Site_2,3500.0,20.0,23.0,400,0,small,465,2025-04-07 10:00:00
Site_3,3500.0,20.0,23.0,0,400,small,521,2025-04-07 10:00:00
Site_4,3500.0,20.0,23.0,400,400,small,599,2025-04-07 10:00:00
Site_5,3500.0,20.0,23.0,200,200,small,630,2025-04-07 10:00:00
Site_1,3500.0,20.0,23.0,0,0,small,455,2025-04-07 11:00:00
Site_2,3500.0,20.0,23.0,400,0,small,497,2025-04-07 11:00:00
Site_3,3500.0,20.0,23.0,0,400,small,551,2025-04-07 11:00:00
Site_4,3500.0,20.0,23.0,400,400,small,628,2025-04-07 11:00:00
Site_5,3500.0,20.0,23.0,200,200,small,668,2025-04-07 11:00:00
Site_1,3500.0,20.0,23.0,0,0,small,476,2025-04-07 12:00:00
Site_2,3500.0,20.0,23.0,400,0,small,528,2025-04-07 12:00:00
Site_3,3500.0,20.0,23.0,0,400,small,577,2025-04-07 12:00:00
Site_4,3500.0,20.0,23.0,400,400,small,653,2025-04-07 12:00:00
Site_5,3500.0,20.0,23.0,200,200,small,691,2025-04-07 12:00:00
Site_1,3500.0,20.0,23.0,0,0,small,493,2025-04-07 13:00:00
Site_2,3500.0,20.0,23.0,400,0,small,548,2025-04-07 13:00:00
Site_3,3500.0,20.0,23.0,0,400,small,596,2025-04-07 13:00:00
Site_4,3500.0,20.0,23.0,400,400,small,672,2025-04-07 13:00:00
Site_5,3500.0,20.0,23.0,200,200,small,702,2025-04-07 13:00:00
Site_1,3500.0,20.0,23.0,0,0,small,503,2025-04-07 14:00:00
Site_2,3500.0,20.0,23.0,400,0,small,562,2025-04-07 14:00:00
Site_3,3500.0,20.0,23.0,0,400,small,608,2025-04-07 14:00:00
Site_4,3500.0,20.0,23.0,400,400,small,675,2025-04-07 14:00:00
Site_5,3500.0,20.0,23.0,200,200,small,700,2025-04-07 14:00:00
Site_1,3500.0,20.0,23.0,0,0,small,503,2025-04-07 15:00:00
Site_2,3500.0,20.0,23.0,400,0,small,567,2025-04-07 15:00:00
Site_3,3500.0,20.0,23.0,0,400,small,620,2025-04-07 15:00:00
Site_4,3500.0,20.0,23.0,400,400,small,674,2025-04-07 15:00:00
Site_5,3500.0,20.0,23.0,200,200,small,696,2025-04-07 15:00:00
Site_1,3500.0,20.0,23.0,0,0,small,497,2025-04-07 16:00:00
Site_2,3500.0,20.0,23.0,400,0,small,581,2025-04-07 16:00:00
Site_3,3500.0,20.0,23.0,0,400,small,615,2025-04-07 16:00:00
Site_4,3500.0,20.0,23.0,400,400,small,660,2025-04-07 16:00:00
Site_5,3500.0,20.0,23.0,200,200,small,683,2025-04-07 16:00:00
Site_1,3500.0,20.0,23.0,0,0,small,465,2025-04-07 17:00:00
Site_2,3500.0,20.0,23.0,400,0,small,571,2025-04-07 17:00:00
Site_3,3500.0,20.0,23.0,0,400,small,601,2025-04-07 17:00:00
Site_4,3500.0,20.0,23.0,400,400,small,642,2025-04-07 17:00:00
Site_5,3500.0,20.0,23.0,200,200,small,660,2025-04-07 17:00:00
Site_1,3500.0,20.0,23.0,0,0,small,427,2025-04-07 18:00:00
Site_2,3500.0,20.0,23.0,400,0,small,555,2025-04-07 18:00:00
Site_3,3500.0,20.0,23.0,0,400,small,556,2025-04-07 18:00:00
Site_4,3500.0,20.0,23.0,400,400,small,620,2025-04-07 18:00:00
Site_5,3500.0,20.0,23.0,200,200,small,634,2025-04-07 18:00:00
Site_1,3500.0,20.0,23.0,0,0,small,387,2025-04-07 19:00:00
Site_2,3500.0,20.0,23.0,400,0,small,513,2025-04-07 19:00:00
Site_3,3500.0,20.0,23.0,0,400,small,520,2025-04-07 19:00:00
Site_4,3500.0,20.0,23.0,400,400,small,603,2025-04-07 19:00:00
Site_5,3500.0,20.0,23.0,200,200,small,604,2025-04-07 19:00:00
Site_1,3500.0,20.0,23.0,0,0,small,346,2025-04-07 20:00:00
Site_2,3500.0,20.0,23.0,400,0,small,462,2025-04-07 20:00:00
Site_3,3500.0,20.0,23.0,0,400,small,457,2025-04-07 20:00:00
Site_4,3500.0,20.0,23.0,400,400,small,560,2025-04-07 20:00:00
Site_5,3500.0,20.0,23.0,200,200,small,570,2025-04-07 20:00:00
Site_1,3500.0,20.0,23.0,0,0,small,305,2025-04-07 21:00:00
Site_2,3500.0,20.0,23.0,400,0,small,403,2025-04-07 21:00:00
Site_3,3500.0,20.0,23.0,0,400,small,410,2025-04-07 21:00:00
Site_4,3500.0,20.0,23.0,400,400,small,513,2025-04-07 21:00:00
Site_5,3500.0,20.0,23.0,200,200,small,542,2025-04-07 21:00:00
Site_1,3500.0,20.0,23.0,0,0,small,255,2025-04-07 22:00:00
Site_2,3500.0,20.0,23.0,400,0,small,356,2025-04-07 22:00:00
Site_3,3500.0,20.0,23.0,0,400,small,369,2025-04-07 22:00:00
Site_4,3500.0,20.0,23.0,400,400,small,454,2025-04-07 22:00:00
Site_5,3500.0,20.0,23.0,200,200,small,515,2025-04-07 22:00:00
Site_1,3500.0,20.0,23.0,0,0,small,199,2025-04-07 23:00:00
Site_2,3500.0,20.0,23.0,400,0,small,301,2025-04-07 23:00:00
Site_3,3500.0,20.0,23.0,0,400,small,320,2025-04-07 23:00:00
Site_4,3500.0,20.0,23.0,400,400,small,410,2025-04-07 23:00:00
Site_5,3500.0,20.0,23.0,200,200,small,491,2025-04-07 23:00:00
