datetime,site_id,pred_users,est_snr_db,assigned_B_MHz,tx_power_W,note
2025-04-01 00:00:00,Site_1,152,27.04,33.83287680829977,24.0,
2025-04-01 01:00:00,Site_1,128,27.17,28.35483046590149,19.63,
2025-04-01 02:00:00,Site_1,125,27.19,27.66994125899876,19.09,
2025-04-01 03:00:00,Site_1,122,30.78,23.860514499665925,16.41,
2025-04-01 04:00:00,Site_1,129,27.44,28.295773356744775,19.61,
2025-04-01 05:00:00,Site_1,175,27.21,38.70950723163866,28.1,
2025-04-01 06:00:00,Site_1,210,25.53,49.499612763529406,37.18,
2025-04-01 07:00:00,Site_1,254,21.21,71.98845405154138,56.36,
2025-04-01 08:00:00,Site_1,301,24.63,73.53239104123959,60.06,
2025-04-01 09:00:00,Site_1,347,22.11,94.37514665811763,80.2,yüksek yük
2025-04-01 10:00:00,Site_1,378,25.07,90.72846291783135,79.13,yüksek yük
2025-04-01 11:00:00,Site_1,403,21.39,100.0,89.02,yüksek yük
2025-04-01 12:00:00,Site_1,430,22.22,100.0,90.0,yüksek yük
2025-04-01 13:00:00,Site_1,445,20.22,100.0,90.0,yüksek yük
2025-04-01 14:00:00,Site_1,460,20.35,100.0,90.0,yüksek yük
2025-04-01 15:00:00,Site_1,471,20.23,100.0,90.0,yüksek yük
2025-04-01 16:00:00,Site_1,472,20.99,100.0,90.0,yüksek yük
2025-04-01 17:00:00,Site_1,457,20.44,100.0,90.0,yüksek yük
2025-04-01 18:00:00,Site_1,427,20.81,100.0,90.0,yüksek yük
2025-04-01 19:00:00,Site_1,390,22.46,100.0,88.08,yüksek yük
2025-04-01 20:00:00,Site_1,344,21.67,95.44412020088014,80.91,yüksek yük
2025-04-01 21:00:00,Site_1,296,26.16,68.09565959265073,55.37,
2025-04-01 22:00:00,Site_1,262,24.75,63.69584319597123,50.23,
2025-04-01 23:00:00,Site_1,218,25.02,52.42906376527643,39.69,
2025-04-02 00:00:00,Site_1,166,24.92,40.08265543725712,28.84,
2025-04-02 01:00:00,Site_1,114,26.97,25.440364700487287,17.35,
2025-04-02 02:00:00,Site_1,106,26.3,24.25615708578302,16.4,
2025-04-02 03:00:00,Site_1,111,29.27,22.82778862871151,15.52,
2025-04-02 04:00:00,Site_1,125,25.85,29.100456600258795,20.08,
2025-04-02 05:00:00,Site_1,139,25.66,32.598571033698555,22.82,
2025-04-02 06:00:00,Site_1,168,26.05,38.81162208923274,27.98,
2025-04-02 07:00:00,Site_1,214,27.26,47.24956358488779,35.63,
2025-04-02 08:00:00,Site_1,261,24.45,64.22810618015673,50.61,
2025-04-02 09:00:00,Site_1,310,21.7,85.89274125442155,70.71,
2025-04-02 10:00:00,Site_1,351,21.47,98.28591282840931,83.81,yüksek yük
2025-04-02 11:00:00,Site_1,379,23.53,96.89522920188308,84.58,yüksek yük
2025-04-02 12:00:00,Site_1,403,23.9,100.0,89.02,yüksek yük
2025-04-02 13:00:00,Site_1,416,21.86,100.0,89.95,yüksek yük
2025-04-02 14:00:00,Site_1,428,20.64,100.0,90.0,yüksek yük
2025-04-02 15:00:00,Site_1,421,21.77,100.0,90.0,yüksek yük
2025-04-02 16:00:00,Site_1,404,25.4,95.71359289275485,85.27,yüksek yük
2025-04-02 17:00:00,Site_1,382,21.68,100.0,87.5,yüksek yük
2025-04-02 18:00:00,Site_1,336,22.43,90.08881057315328,75.85,yüksek yük
2025-04-02 19:00:00,Site_1,277,24.87,67.01887172559542,53.58,
2025-04-02 20:00:00,Site_1,240,25.97,55.61547310981264,42.98,
2025-04-02 21:00:00,Site_1,196,25.22,46.76558143170477,34.66,
2025-04-02 22:00:00,Site_1,151,26.55,34.229075813296355,24.26,
2025-04-02 23:00:00,Site_1,118,29.8,23.83632375512009,16.33,
2025-04-03 00:00:00,Site_1,84,25.61,19.738194497635742,13.04,
2025-04-03 01:00:00,Site_1,77,31.35,14.785937881554053,9.69,
2025-04-03 02:00:00,Site_1,79,26.61,17.867651325345594,11.74,
2025-04-03 03:00:00,Site_1,101,29.53,20.588588281442398,13.85,
2025-04-03 04:00:00,Site_1,109,27.16,24.154780795959685,16.39,
2025-04-03 05:00:00,Site_1,137,28.12,29.325248631938127,20.49,
2025-04-03 06:00:00,Site_1,167,24.56,40.91284530024178,29.47,
2025-04-03 07:00:00,Site_1,207,25.35,49.13777127678945,36.81,
2025-04-03 08:00:00,Site_1,241,26.09,55.59108104845736,43.0,
2025-04-03 09:00:00,Site_1,294,24.66,71.7353114680894,58.23,
2025-04-03 10:00:00,Site_1,356,19.34,100.0,85.63,yüksek yük
2025-04-03 11:00:00,Site_1,394,22.51,100.0,88.37,yüksek yük
2025-04-03 12:00:00,Site_1,415,21.83,100.0,89.88,yüksek yük
2025-04-03 13:00:00,Site_1,427,18.15,100.0,90.0,yüksek yük
2025-04-03 14:00:00,Site_1,433,22.61,100.0,90.0,yüksek yük
2025-04-03 15:00:00,Site_1,432,22.4,100.0,90.0,yüksek yük
2025-04-03 16:00:00,Site_1,413,22.85,100.0,89.74,yüksek yük
2025-04-03 17:00:00,Site_1,395,23.79,99.88769086711685,88.34,yüksek yük
2025-04-03 18:00:00,Site_1,361,23.53,92.29334496538203,79.36,yüksek yük
2025-04-03 19:00:00,Site_1,321,22.52,85.72532875091416,71.25,
2025-04-03 20:00:00,Site_1,273,24.61,66.74614854296141,53.17,
2025-04-03 21:00:00,Site_1,199,24.38,49.11086258762385,36.5,
2025-04-03 22:00:00,Site_1,137,26.6,30.997293021299935,21.66,
2025-04-03 23:00:00,Site_1,97,27.39,21.315425491757296,14.28,
2025-04-04 00:00:00,Site_1,74,31.21,14.273550010615644,9.32,
2025-04-04 01:00:00,Site_1,81,26.92,18.109543567942623,11.92,
2025-04-04 02:00:00,Site_1,88,28.13,18.82997165037902,12.49,
2025-04-04 03:00:00,Site_1,100,30.03,20.045740126133257,13.47,
2025-04-04 04:00:00,Site_1,119,29.98,23.894169178357906,16.38,
2025-04-04 05:00:00,Site_1,141,25.51,33.26142577709753,23.33,
2025-04-04 06:00:00,Site_1,182,28.98,37.80337037921364,27.64,
2025-04-04 07:00:00,Site_1,219,23.43,56.22728980697773,42.6,
2025-04-04 08:00:00,Site_1,268,24.11,66.87663248359577,53.03,
2025-04-04 09:00:00,Site_1,317,25.3,75.39783502967052,62.45,
2025-04-04 10:00:00,Site_1,361,23.52,92.33237985258846,79.4,yüksek yük
2025-04-04 11:00:00,Site_1,394,18.85,100.0,88.37,yüksek yük
2025-04-04 12:00:00,Site_1,411,21.52,100.0,89.59,yüksek yük
2025-04-04 13:00:00,Site_1,427,20.04,100.0,90.0,yüksek yük
2025-04-04 14:00:00,Site_1,432,20.81,100.0,90.0,yüksek yük
2025-04-04 15:00:00,Site_1,424,22.84,100.0,90.0,yüksek yük
2025-04-04 16:00:00,Site_1,411,17.55,100.0,89.59,yüksek yük
2025-04-04 17:00:00,Site_1,389,24.33,96.19706921048765,84.66,yüksek yük
2025-04-04 18:00:00,Site_1,357,22.38,95.93175173599703,82.22,yüksek yük
2025-04-04 19:00:00,Site_1,308,25.23,73.45974544545356,60.37,
2025-04-04 20:00:00,Site_1,263,26.69,59.3055992048938,46.81,
2025-04-04 21:00:00,Site_1,217,25.77,50.67474102172608,38.32,
2025-04-04 22:00:00,Site_1,158,25.92,36.683938363945664,26.18,
2025-04-04 23:00:00,Site_1,115,28.16,24.581180382909846,16.78,
2025-04-05 00:00:00,Site_1,87,30.82,16.993222423266378,11.26,
2025-04-05 01:00:00,Site_1,81,27.8,17.537492675079726,11.55,
2025-04-05 02:00:00,Site_1,81,25.74,18.937434000894456,12.47,
2025-04-05 03:00:00,Site_1,93,28.91,19.36381092765981,12.91,
2025-04-05 04:00:00,Site_1,128,26.91,28.628159792272545,19.82,
2025-04-05 05:00:00,Site_1,162,27.67,35.23945441174583,25.25,
2025-04-05 06:00:00,Site_1,199,24.68,48.51634310287188,36.06,
2025-04-05 07:00:00,Site_1,244,26.01,56.45569741130661,43.79,
2025-04-05 08:00:00,Site_1,291,24.23,72.25802463297427,58.49,
2025-04-05 09:00:00,Site_1,329,22.72,87.09334559112163,72.89,
2025-04-05 10:00:00,Site_1,367,22.58,97.7512351426192,84.48,yüksek yük
2025-04-05 11:00:00,Site_1,393,22.12,100.0,88.3,yüksek yük
2025-04-05 12:00:00,Site_1,416,23.91,100.0,89.95,yüksek yük
2025-04-05 13:00:00,Site_1,431,17.98,100.0,90.0,yüksek yük
2025-04-05 14:00:00,Site_1,433,21.31,100.0,90.0,yüksek yük
2025-04-05 15:00:00,Site_1,420,21.99,100.0,90.0,yüksek yük
2025-04-05 16:00:00,Site_1,401,22.15,100.0,88.87,yüksek yük
2025-04-05 17:00:00,Site_1,373,23.89,93.93141336554642,81.59,yüksek yük
2025-04-05 18:00:00,Site_1,328,23.27,84.78842098258569,70.9,
2025-04-05 19:00:00,Site_1,269,21.22,76.20413684228745,60.48,
2025-04-05 20:00:00,Site_1,226,23.81,57.103161622462,43.55,
2025-04-05 21:00:00,Site_1,195,28.27,41.51922984286515,30.74,
2025-04-05 22:00:00,Site_1,150,27.38,32.97401147397038,23.35,
2025-04-05 23:00:00,Site_1,123,26.51,27.92392385823586,19.23,
2025-04-06 00:00:00,Site_1,105,28.57,22.122140132708655,14.95,
2025-04-06 01:00:00,Site_1,99,28.45,20.945852458695132,14.06,
2025-04-06 02:00:00,Site_1,109,25.02,26.214531882638216,17.79,
2025-04-06 03:00:00,Site_1,108,27.77,23.408536047635348,15.87,
2025-04-06 04:00:00,Site_1,126,26.9,28.191296182914833,19.47,
2025-04-06 05:00:00,Site_1,157,27.78,34.016849659855865,24.26,
2025-04-06 06:00:00,Site_1,200,26.14,46.04568461900545,34.26,
2025-04-06 07:00:00,Site_1,268,23.69,68.05655300994954,53.97,
2025-04-06 08:00:00,Site_1,316,23.13,82.17802938160635,68.0,
2025-04-06 09:00:00,Site_1,364,21.48,100.0,86.21,yüksek yük
2025-04-06 10:00:00,Site_1,397,25.66,93.10527122574335,82.48,yüksek yük
2025-04-06 11:00:00,Site_1,428,19.87,100.0,90.0,yüksek yük
2025-04-06 12:00:00,Site_1,454,22.86,100.0,90.0,yüksek yük
2025-04-06 13:00:00,Site_1,460,19.71,100.0,90.0,yüksek yük
2025-04-06 14:00:00,Site_1,455,20.37,100.0,90.0,yüksek yük
2025-04-06 15:00:00,Site_1,446,21.45,100.0,90.0,yüksek yük
2025-04-06 16:00:00,Site_1,431,22.11,100.0,90.0,yüksek yük
2025-04-06 17:00:00,Site_1,394,23.85,99.38537962250389,87.82,yüksek yük
2025-04-06 18:00:00,Site_1,370,24.28,91.6860996132105,79.44,yüksek yük
2025-04-06 19:00:00,Site_1,312,22.38,83.83951412221589,69.14,
2025-04-06 20:00:00,Site_1,276,26.29,63.18149896238485,50.46,
2025-04-06 21:00:00,Site_1,222,26.3,50.80063087777198,38.6,
2025-04-06 22:00:00,Site_1,178,25.5,42.00601375361077,30.59,
2025-04-06 23:00:00,Site_1,126,25.53,29.69976765811764,20.51,
2025-04-07 00:00:00,Site_1,117,25.6,27.503189987007975,18.82,
2025-04-07 01:00:00,Site_1,124,26.68,27.97202955397299,19.28,
2025-04-07 02:00:00,Site_1,117,26.61,26.462217785638412,18.11,
2025-04-07 03:00:00,Site_1,129,26.78,28.991538128681796,20.09,
2025-04-07 04:00:00,Site_1,140,26.2,32.158372639669125,22.54,
2025-04-07 05:00:00,Site_1,173,24.59,42.33127181481597,30.67,
2025-04-07 06:00:00,Site_1,219,24.39,54.02456304571576,40.93,
2025-04-07 07:00:00,Site_1,281,24.17,69.94736699726198,56.12,
2025-04-07 08:00:00,Site_1,355,22.34,95.56394537958377,81.76,yüksek yük
2025-04-07 09:00:00,Site_1,405,21.12,100.0,89.16,yüksek yük
2025-04-07 10:00:00,Site_1,430,21.14,100.0,90.0,yüksek yük
2025-04-07 11:00:00,Site_1,455,22.09,100.0,90.0,yüksek yük
2025-04-07 12:00:00,Site_1,476,18.72,100.0,90.0,yüksek yük
2025-04-07 13:00:00,Site_1,493,21.44,100.0,90.0,yüksek yük
2025-04-07 14:00:00,Site_1,503,18.8,100.0,90.0,yüksek yük
2025-04-07 15:00:00,Site_1,503,22.98,100.0,90.0,yüksek yük
2025-04-07 16:00:00,Site_1,497,19.11,100.0,90.0,yüksek yük
2025-04-07 17:00:00,Site_1,465,20.95,100.0,90.0,yüksek yük
2025-04-07 18:00:00,Site_1,427,22.44,100.0,90.0,yüksek yük
2025-04-07 19:00:00,Site_1,387,23.16,100.0,87.86,yüksek yük
2025-04-07 20:00:00,Site_1,346,26.26,79.29603050082002,67.33,
2025-04-07 21:00:00,Site_1,305,22.47,81.63245102624593,66.91,
2025-04-07 22:00:00,Site_1,255,25.17,60.963412497827264,47.77,
2025-04-07 23:00:00,Site_1,199,25.42,47.10908281000645,35.02,
2025-04-01 00:00:00,Site_2,244,24.65,59.55948395780866,46.2,
2025-04-01 01:00:00,Site_2,193,26.06,44.57010103171452,32.94,
2025-04-01 02:00:00,Site_2,169,25.17,40.403202792677675,29.16,
2025-04-01 03:00:00,Site_2,180,24.8,43.67261987469175,31.86,
2025-04-01 04:00:00,Site_2,197,26.09,45.44167206035726,33.71,
2025-04-01 05:00:00,Site_2,210,27.56,45.862734072818554,34.45,
2025-04-01 06:00:00,Site_2,222,24.31,54.94406833519662,41.75,
2025-04-01 07:00:00,Site_2,261,25.18,62.37315295814396,49.15,
2025-04-01 08:00:00,Site_2,304,24.01,76.17455142707188,62.38,
2025-04-01 09:00:00,Site_2,354,24.73,86.13165024270907,73.63,
2025-04-01 10:00:00,Site_2,399,23.3,100.0,88.73,yüksek yük
2025-04-01 11:00:00,Site_2,437,22.46,100.0,90.0,yüksek yük
2025-04-01 12:00:00,Site_2,450,22.11,100.0,90.0,yüksek yük
2025-04-01 13:00:00,Site_2,477,20.99,100.0,90.0,yüksek yük
2025-04-01 14:00:00,Site_2,499,22.51,100.0,90.0,yüksek yük
2025-04-01 15:00:00,Site_2,519,19.02,100.0,90.0,yüksek yük
2025-04-01 16:00:00,Site_2,532,18.25,100.0,90.0,yüksek yük
2025-04-01 17:00:00,Site_2,525,17.4,100.0,90.0,yüksek yük
2025-04-01 18:00:00,Site_2,499,22.08,100.0,90.0,yüksek yük
2025-04-01 19:00:00,Site_2,464,20.76,100.0,90.0,yüksek yük
2025-04-01 20:00:00,Site_2,401,24.13,99.9828477105722,88.86,yüksek yük
2025-04-01 21:00:00,Site_2,371,22.33,99.91546773611795,86.64,yüksek yük
2025-04-01 22:00:00,Site_2,328,25.54,77.28350798622296,64.62,
2025-04-01 23:00:00,Site_2,260,20.31,76.9207231570487,60.55,
2025-04-02 00:00:00,Site_2,181,24.99,43.582617332599945,31.83,
2025-04-02 01:00:00,Site_2,123,25.05,29.546238872106077,20.34,
2025-04-02 02:00:00,Site_2,122,26.73,27.46951582025914,18.89,
2025-04-02 03:00:00,Site_2,142,28.63,29.854962032850743,20.97,
2025-04-02 04:00:00,Site_2,150,28.18,32.0396937059988,22.68,
2025-04-02 05:00:00,Site_2,177,25.5,41.77002491229836,30.39,
2025-04-02 06:00:00,Site_2,211,25.81,49.19746689783981,36.99,
2025-04-02 07:00:00,Site_2,262,26.74,58.96990397793487,46.51,
2025-04-02 08:00:00,Site_2,317,24.59,77.56655008842002,64.24,
2025-04-02 09:00:00,Site_2,366,25.15,87.56976223727429,75.62,
2025-04-02 10:00:00,Site_2,405,22.18,100.0,89.16,yüksek yük
2025-04-02 11:00:00,Site_2,443,21.36,100.0,90.0,yüksek yük
2025-04-02 12:00:00,Site_2,463,21.76,100.0,90.0,yüksek yük
2025-04-02 13:00:00,Site_2,482,20.24,100.0,90.0,yüksek yük
2025-04-02 14:00:00,Site_2,497,18.98,100.0,90.0,yüksek yük
2025-04-02 15:00:00,Site_2,500,20.43,100.0,90.0,yüksek yük
2025-04-02 16:00:00,Site_2,475,19.67,100.0,90.0,yüksek yük
2025-04-02 17:00:00,Site_2,434,22.05,100.0,90.0,yüksek yük
2025-04-02 18:00:00,Site_2,387,19.39,100.0,87.86,yüksek yük
2025-04-02 19:00:00,Site_2,355,21.71,98.31609995992405,84.12,yüksek yük
2025-04-02 20:00:00,Site_2,310,23.88,78.09885593030567,64.29,
2025-04-02 21:00:00,Site_2,255,24.85,61.745538146035926,48.38,
2025-04-02 22:00:00,Site_2,209,26.05,48.28350605148597,36.24,
2025-04-02 23:00:00,Site_2,192,26.29,43.95234710426772,32.45,
2025-04-03 00:00:00,Site_2,181,26.78,40.678049622413994,29.71,
2025-04-03 01:00:00,Site_2,152,29.85,30.653047079295327,21.75,
2025-04-03 02:00:00,Site_2,136,23.54,34.755098624704175,24.26,
2025-04-03 03:00:00,Site_2,155,26.87,34.718396629036334,24.71,
2025-04-03 04:00:00,Site_2,166,27.11,36.853874022233676,26.52,
2025-04-03 05:00:00,Site_2,205,26.55,46.46993736242221,34.74,
2025-04-03 06:00:00,Site_2,227,26.01,52.52230865724017,40.1,
2025-04-03 07:00:00,Site_2,266,24.82,64.48662304137069,51.04,
2025-04-03 08:00:00,Site_2,300,25.98,69.49266126858787,56.71,
2025-04-03 09:00:00,Site_2,363,22.82,95.67540728874656,82.41,yüksek yük
2025-04-03 10:00:00,Site_2,399,21.43,100.0,88.73,yüksek yük
2025-04-03 11:00:00,Site_2,435,21.04,100.0,90.0,yüksek yük
2025-04-03 12:00:00,Site_2,460,20.28,100.0,90.0,yüksek yük
2025-04-03 13:00:00,Site_2,476,19.16,100.0,90.0,yüksek yük
2025-04-03 14:00:00,Site_2,485,21.08,100.0,90.0,yüksek yük
2025-04-03 15:00:00,Site_2,490,18.37,100.0,90.0,yüksek yük
2025-04-03 16:00:00,Site_2,470,19.2,100.0,90.0,yüksek yük
2025-04-03 17:00:00,Site_2,432,21.35,100.0,90.0,yüksek yük
2025-04-03 18:00:00,Site_2,387,23.15,100.0,87.86,yüksek yük
2025-04-03 19:00:00,Site_2,346,24.33,85.56346001755456,72.65,
2025-04-03 20:00:00,Site_2,319,23.44,81.86709711157891,67.92,
2025-04-03 21:00:00,Site_2,285,24.8,69.14831480159528,55.68,
2025-04-03 22:00:00,Site_2,226,26.87,50.62166218169168,38.61,
2025-04-03 23:00:00,Site_2,182,24.52,44.66008850152231,32.65,
2025-04-04 00:00:00,Site_2,159,28.27,33.85414125649005,24.19,
2025-04-04 01:00:00,Site_2,132,26.22,30.297687720478756,21.06,
2025-04-04 02:00:00,Site_2,139,27.07,30.90506560982673,21.64,
2025-04-04 03:00:00,Site_2,144,28.14,30.80175048652522,21.67,
2025-04-04 04:00:00,Site_2,159,26.64,35.92108045339508,25.66,
2025-04-04 05:00:00,Site_2,167,27.28,36.845349106176734,26.54,
2025-04-04 06:00:00,Site_2,203,25.92,47.13189549291753,35.17,
2025-04-04 07:00:00,Site_2,244,23.18,63.31783034835371,49.11,
2025-04-04 08:00:00,Site_2,307,22.29,82.82671111467926,68.0,
2025-04-04 09:00:00,Site_2,362,21.54,100.0,86.06,yüksek yük
2025-04-04 10:00:00,Site_2,395,24.49,97.04535612669119,85.83,yüksek yük
2025-04-04 11:00:00,Site_2,431,21.46,100.0,90.0,yüksek yük
2025-04-04 12:00:00,Site_2,464,20.29,100.0,90.0,yüksek yük
2025-04-04 13:00:00,Site_2,484,16.52,100.0,90.0,yüksek yük
2025-04-04 14:00:00,Site_2,492,21.48,100.0,90.0,yüksek yük
2025-04-04 15:00:00,Site_2,494,16.37,100.0,90.0,yüksek yük
2025-04-04 16:00:00,Site_2,479,22.57,100.0,90.0,yüksek yük
2025-04-04 17:00:00,Site_2,466,22.09,100.0,90.0,yüksek yük
2025-04-04 18:00:00,Site_2,420,22.81,100.0,90.0,yüksek yük
2025-04-04 19:00:00,Site_2,352,20.87,100.0,85.34,yüksek yük
2025-04-04 20:00:00,Site_2,294,23.52,75.19589938133242,61.04,
2025-04-04 21:00:00,Site_2,272,25.76,63.54315102555966,50.57,
2025-04-04 22:00:00,Site_2,237,23.26,61.29099666714698,47.23,
2025-04-04 23:00:00,Site_2,192,27.49,42.03819806739397,31.03,
2025-04-05 00:00:00,Site_2,172,29.83,34.70957114141309,25.12,
2025-04-05 01:00:00,Site_2,142,25.6,33.3799399842319,23.44,
2025-04-05 02:00:00,Site_2,132,29.31,27.109561943580676,18.84,
2025-04-05 03:00:00,Site_2,145,26.79,32.575253371058174,22.95,
2025-04-05 04:00:00,Site_2,158,25.25,37.65415105980336,26.88,
2025-04-05 05:00:00,Site_2,186,26.54,42.178813265661134,30.96,
2025-04-05 06:00:00,Site_2,217,26.23,49.78862625391452,37.65,
2025-04-05 07:00:00,Site_2,264,24.44,64.9928301871612,51.35,
2025-04-05 08:00:00,Site_2,302,21.8,83.295366729282,68.09,
2025-04-05 09:00:00,Site_2,320,22.76,84.56291325557706,70.22,
2025-04-05 10:00:00,Site_2,366,24.03,91.6341764821435,79.13,yüksek yük
2025-04-05 11:00:00,Site_2,410,23.54,100.0,89.52,yüksek yük
2025-04-05 12:00:00,Site_2,436,22.83,100.0,90.0,yüksek yük
2025-04-05 13:00:00,Site_2,466,18.56,100.0,90.0,yüksek yük
2025-04-05 14:00:00,Site_2,483,20.08,100.0,90.0,yüksek yük
2025-04-05 15:00:00,Site_2,486,18.89,100.0,90.0,yüksek yük
2025-04-05 16:00:00,Site_2,466,19.4,100.0,90.0,yüksek yük
2025-04-05 17:00:00,Site_2,427,23.16,100.0,90.0,yüksek yük
2025-04-05 18:00:00,Site_2,376,20.1,100.0,87.07,yüksek yük
2025-04-05 19:00:00,Site_2,354,21.23,100.0,85.49,yüksek yük
2025-04-05 20:00:00,Site_2,313,21.57,87.24234977650552,72.01,
2025-04-05 21:00:00,Site_2,260,24.56,63.69664537762193,50.14,
2025-04-05 22:00:00,Site_2,188,25.77,43.90254060868435,32.28,
2025-04-05 23:00:00,Site_2,142,25.81,33.10919573219551,23.25,
2025-04-06 00:00:00,Site_2,109,26.27,24.971058364153176,16.94,
2025-04-06 01:00:00,Site_2,106,28.22,22.609346798810783,15.29,
2025-04-06 02:00:00,Site_2,123,28.46,26.01450595599573,17.91,
2025-04-06 03:00:00,Site_2,138,26.76,31.037326536941187,21.71,
2025-04-06 04:00:00,Site_2,166,25.41,39.31243714201444,28.29,
2025-04-06 05:00:00,Site_2,184,27.07,40.91030267775624,29.97,
2025-04-06 06:00:00,Site_2,221,23.29,57.07999700782308,43.33,
2025-04-06 07:00:00,Site_2,269,25.9,62.50365012267556,49.61,
2025-04-06 08:00:00,Site_2,330,22.08,89.87263029018474,75.28,
2025-04-06 09:00:00,Site_2,414,22.45,100.0,89.81,yüksek yük
2025-04-06 10:00:00,Site_2,443,22.51,100.0,90.0,yüksek yük
2025-04-06 11:00:00,Site_2,479,19.79,100.0,90.0,yüksek yük
2025-04-06 12:00:00,Site_2,502,21.71,100.0,90.0,yüksek yük
2025-04-06 13:00:00,Site_2,523,21.07,100.0,90.0,yüksek yük
2025-04-06 14:00:00,Site_2,522,19.34,100.0,90.0,yüksek yük
2025-04-06 15:00:00,Site_2,512,19.92,100.0,90.0,yüksek yük
2025-04-06 16:00:00,Site_2,500,18.42,100.0,90.0,yüksek yük
2025-04-06 17:00:00,Site_2,477,20.83,100.0,90.0,yüksek yük
2025-04-06 18:00:00,Site_2,419,19.81,100.0,90.0,yüksek yük
2025-04-06 19:00:00,Site_2,368,22.93,96.53078632577619,83.5,yüksek yük
2025-04-06 20:00:00,Site_2,312,25.25,74.35503247252308,61.32,
2025-04-06 21:00:00,Site_2,266,26.19,61.12417271791297,48.38,
2025-04-06 22:00:00,Site_2,243,25.51,57.32288272223191,44.42,
2025-04-06 23:00:00,Site_2,206,24.25,51.109728325962294,38.25,
2025-04-07 00:00:00,Site_2,164,25.07,39.363671742127885,28.27,
2025-04-07 01:00:00,Site_2,152,29.03,31.5177457274183,22.36,
2025-04-07 02:00:00,Site_2,160,26.47,36.37855079723293,26.02,
2025-04-07 03:00:00,Site_2,170,28.35,36.09428389324377,26.07,
2025-04-07 04:00:00,Site_2,186,26.59,42.0997028061677,30.9,
2025-04-07 05:00:00,Site_2,207,24.69,50.44639010432572,37.79,
2025-04-07 06:00:00,Site_2,242,26.18,55.63039140466229,43.07,
2025-04-07 07:00:00,Site_2,292,24.22,72.53613762747516,58.77,
2025-04-07 08:00:00,Site_2,349,24.59,85.39661192699869,72.7,
2025-04-07 09:00:00,Site_2,422,23.54,100.0,90.0,yüksek yük
2025-04-07 10:00:00,Site_2,465,20.22,100.0,90.0,yüksek yük
2025-04-07 11:00:00,Site_2,497,20.3,100.0,90.0,yüksek yük
2025-04-07 12:00:00,Site_2,528,20.64,100.0,90.0,yüksek yük
2025-04-07 13:00:00,Site_2,548,17.53,100.0,90.0,yüksek yük
2025-04-07 14:00:00,Site_2,562,19.76,100.0,90.0,yüksek yük
2025-04-07 15:00:00,Site_2,567,23.82,100.0,90.0,yüksek yük
2025-04-07 16:00:00,Site_2,581,18.76,100.0,90.0,yüksek yük
2025-04-07 17:00:00,Site_2,571,17.32,100.0,90.0,yüksek yük
2025-04-07 18:00:00,Site_2,555,17.32,100.0,90.0,yüksek yük
2025-04-07 19:00:00,Site_2,513,19.45,100.0,90.0,yüksek yük
2025-04-07 20:00:00,Site_2,462,22.47,100.0,90.0,yüksek yük
2025-04-07 21:00:00,Site_2,403,22.63,100.0,89.02,yüksek yük
2025-04-07 22:00:00,Site_2,356,22.76,94.07624099682948,80.56,yüksek yük
2025-04-07 23:00:00,Site_2,301,25.04,72.33298035740145,59.08,
2025-04-01 00:00:00,Site_3,299,23.43,76.7669390515358,62.59,
2025-04-01 01:00:00,Site_3,258,22.62,68.59812380186344,53.9,
2025-04-01 02:00:00,Site_3,256,25.27,60.96113942692421,47.81,
2025-04-01 03:00:00,Site_3,246,25.53,57.985260665848735,45.06,
2025-04-01 04:00:00,Site_3,258,25.27,61.437398328697064,48.28,
2025-04-01 05:00:00,Site_3,287,22.78,75.77619239001586,61.12,
2025-04-01 06:00:00,Site_3,323,21.09,92.06046067267766,76.65,yüksek yük
2025-04-01 07:00:00,Site_3,365,24.79,88.59395281060405,76.44,
2025-04-01 08:00:00,Site_3,388,20.57,100.0,87.94,yüksek yük
2025-04-01 09:00:00,Site_3,435,21.99,100.0,90.0,yüksek yük
2025-04-01 10:00:00,Site_3,474,17.81,100.0,90.0,yüksek yük
2025-04-01 11:00:00,Site_3,509,22.15,100.0,90.0,yüksek yük
2025-04-01 12:00:00,Site_3,532,16.01,100.0,90.0,yüksek yük
2025-04-01 13:00:00,Site_3,554,18.96,100.0,90.0,yüksek yük
2025-04-01 14:00:00,Site_3,573,17.36,100.0,90.0,yüksek yük
2025-04-01 15:00:00,Site_3,584,17.75,100.0,90.0,yüksek yük
2025-04-01 16:00:00,Site_3,586,16.42,100.0,90.0,yüksek yük
2025-04-01 17:00:00,Site_3,575,22.0,100.0,90.0,yüksek yük
2025-04-01 18:00:00,Site_3,547,19.7,100.0,90.0,yüksek yük
2025-04-01 19:00:00,Site_3,490,20.13,100.0,90.0,yüksek yük
2025-04-01 20:00:00,Site_3,440,22.64,100.0,90.0,yüksek yük
2025-04-01 21:00:00,Site_3,400,22.68,100.0,88.8,yüksek yük
2025-04-01 22:00:00,Site_3,357,23.17,92.68100767461664,79.43,yüksek yük
2025-04-01 23:00:00,Site_3,310,22.72,82.06363870288057,67.55,
2025-04-02 00:00:00,Site_3,282,24.06,70.51575521780073,56.63,
2025-04-02 01:00:00,Site_3,226,26.33,51.65719306263217,39.4,
2025-04-02 02:00:00,Site_3,218,23.78,55.150958431787686,41.75,
2025-04-02 03:00:00,Site_3,215,23.89,54.14277177906831,40.87,
2025-04-02 04:00:00,Site_3,226,25.53,53.27101183122688,40.63,
2025-04-02 05:00:00,Site_3,263,25.77,61.416852021723315,48.48,
2025-04-02 06:00:00,Site_3,284,26.66,64.11291158224016,51.58,
2025-04-02 07:00:00,Site_3,331,24.73,80.53552607439745,67.51,
2025-04-02 08:00:00,Site_3,387,24.24,96.05625556699087,84.4,yüksek yük
2025-04-02 09:00:00,Site_3,438,22.45,100.0,90.0,yüksek yük
2025-04-02 10:00:00,Site_3,475,19.92,100.0,90.0,yüksek yük
2025-04-02 11:00:00,Site_3,504,18.96,100.0,90.0,yüksek yük
2025-04-02 12:00:00,Site_3,525,18.42,100.0,90.0,yüksek yük
2025-04-02 13:00:00,Site_3,543,18.67,100.0,90.0,yüksek yük
2025-04-02 14:00:00,Site_3,553,20.82,100.0,90.0,yüksek yük
2025-04-02 15:00:00,Site_3,550,21.95,100.0,90.0,yüksek yük
2025-04-02 16:00:00,Site_3,536,19.63,100.0,90.0,yüksek yük
2025-04-02 17:00:00,Site_3,499,21.77,100.0,90.0,yüksek yük
2025-04-02 18:00:00,Site_3,450,20.78,100.0,90.0,yüksek yük
2025-04-02 19:00:00,Site_3,393,23.39,100.0,88.3,yüksek yük
2025-04-02 20:00:00,Site_3,366,21.96,100.0,86.35,yüksek yük
2025-04-02 21:00:00,Site_3,315,25.18,75.27794322534616,62.24,
2025-04-02 22:00:00,Site_3,270,25.35,64.09274514363841,50.92,
2025-04-02 23:00:00,Site_3,232,25.36,55.050642386372594,42.23,
2025-04-03 00:00:00,Site_3,216,24.0,54.1464695993023,40.91,
2025-04-03 01:00:00,Site_3,220,26.06,50.805296512835206,38.53,
2025-04-03 02:00:00,Site_3,218,27.29,48.079935081316194,36.39,
2025-04-03 03:00:00,Site_3,233,26.44,53.03621583487784,40.72,
2025-04-03 04:00:00,Site_3,249,24.4,61.400121209066675,47.85,
2025-04-03 05:00:00,Site_3,283,26.92,63.27161518182423,50.86,
2025-04-03 06:00:00,Site_3,312,20.47,91.5912721456445,75.53,yüksek yük
2025-04-03 07:00:00,Site_3,349,22.62,92.79358607306331,78.99,yüksek yük
2025-04-03 08:00:00,Site_3,395,23.64,100.0,88.44,yüksek yük
2025-04-03 09:00:00,Site_3,444,21.86,100.0,90.0,yüksek yük
2025-04-03 10:00:00,Site_3,480,19.69,100.0,90.0,yüksek yük
2025-04-03 11:00:00,Site_3,510,19.09,100.0,90.0,yüksek yük
2025-04-03 12:00:00,Site_3,534,23.16,100.0,90.0,yüksek yük
2025-04-03 13:00:00,Site_3,546,21.5,100.0,90.0,yüksek yük
2025-04-03 14:00:00,Site_3,545,19.04,100.0,90.0,yüksek yük
2025-04-03 15:00:00,Site_3,542,19.46,100.0,90.0,yüksek yük
2025-04-03 16:00:00,Site_3,526,18.43,100.0,90.0,yüksek yük
2025-04-03 17:00:00,Site_3,497,19.13,100.0,90.0,yüksek yük
2025-04-03 18:00:00,Site_3,469,18.83,100.0,90.0,yüksek yük
2025-04-03 19:00:00,Site_3,427,21.45,100.0,90.0,yüksek yük
2025-04-03 20:00:00,Site_3,377,21.55,100.0,87.14,yüksek yük
2025-04-03 21:00:00,Site_3,335,24.32,82.87715051281825,69.72,
2025-04-03 22:00:00,Site_3,304,24.1,75.89139416051428,62.15,
2025-04-03 23:00:00,Site_3,264,23.15,68.59608917952201,54.2,
2025-04-04 00:00:00,Site_3,245,26.6,55.433115257069225,43.04,
2025-04-04 01:00:00,Site_3,235,24.51,57.688928657062654,44.37,
2025-04-04 02:00:00,Site_3,228,26.39,51.996167729523755,39.73,
2025-04-04 03:00:00,Site_3,241,25.2,57.548053410363764,44.51,
2025-04-04 04:00:00,Site_3,244,22.41,65.47962549580994,50.79,
2025-04-04 05:00:00,Site_3,274,24.89,66.23996935059726,52.81,
2025-04-04 06:00:00,Site_3,292,23.6,74.43250765646627,60.31,
2025-04-04 07:00:00,Site_3,339,21.51,94.75067929564364,79.98,yüksek yük
2025-04-04 08:00:00,Site_3,382,23.39,98.24364651346396,85.97,yüksek yük
2025-04-04 09:00:00,Site_3,433,21.74,100.0,90.0,yüksek yük
2025-04-04 10:00:00,Site_3,466,21.3,100.0,90.0,yüksek yük
2025-04-04 11:00:00,Site_3,499,20.4,100.0,90.0,yüksek yük
2025-04-04 12:00:00,Site_3,521,20.01,100.0,90.0,yüksek yük
2025-04-04 13:00:00,Site_3,540,18.54,100.0,90.0,yüksek yük
2025-04-04 14:00:00,Site_3,545,19.18,100.0,90.0,yüksek yük
2025-04-04 15:00:00,Site_3,547,17.13,100.0,90.0,yüksek yük
2025-04-04 16:00:00,Site_3,519,20.53,100.0,90.0,yüksek yük
2025-04-04 17:00:00,Site_3,493,21.53,100.0,90.0,yüksek yük
2025-04-04 18:00:00,Site_3,465,19.99,100.0,90.0,yüksek yük
2025-04-04 19:00:00,Site_3,411,20.52,100.0,89.59,yüksek yük
2025-04-04 20:00:00,Site_3,369,19.95,100.0,86.57,yüksek yük
2025-04-04 21:00:00,Site_3,322,25.15,77.0422498371648,64.09,
2025-04-04 22:00:00,Site_3,284,22.84,74.78834482737881,60.17,
2025-04-04 23:00:00,Site_3,268,23.97,67.2654178452168,53.34,
2025-04-05 00:00:00,Site_3,251,25.98,58.14219326138519,45.39,
2025-04-05 01:00:00,Site_3,231,24.58,56.54616072384476,43.33,
2025-04-05 02:00:00,Site_3,222,24.1,55.420689156691346,42.11,
2025-04-05 03:00:00,Site_3,228,24.18,56.73108100321626,43.35,
2025-04-05 04:00:00,Site_3,233,24.58,57.03573787296896,43.79,
2025-04-05 05:00:00,Site_3,261,23.02,68.19733572690461,53.73,
2025-04-05 06:00:00,Site_3,292,21.23,82.68111953748151,66.99,
2025-04-05 07:00:00,Site_3,326,22.85,85.81125336139105,71.63,
2025-04-05 08:00:00,Site_3,369,22.78,97.42653307287756,84.34,yüksek yük
2025-04-05 09:00:00,Site_3,414,22.07,100.0,89.81,yüksek yük
2025-04-05 10:00:00,Site_3,460,23.24,100.0,90.0,yüksek yük
2025-04-05 11:00:00,Site_3,504,21.52,100.0,90.0,yüksek yük
2025-04-05 12:00:00,Site_3,526,20.93,100.0,90.0,yüksek yük
2025-04-05 13:00:00,Site_3,544,20.9,100.0,90.0,yüksek yük
2025-04-05 14:00:00,Site_3,549,20.72,100.0,90.0,yüksek yük
2025-04-05 15:00:00,Site_3,548,17.81,100.0,90.0,yüksek yük
2025-04-05 16:00:00,Site_3,538,17.04,100.0,90.0,yüksek yük
2025-04-05 17:00:00,Site_3,510,18.93,100.0,90.0,yüksek yük
2025-04-05 18:00:00,Site_3,465,18.08,100.0,90.0,yüksek yük
2025-04-05 19:00:00,Site_3,422,20.31,100.0,90.0,yüksek yük
2025-04-05 20:00:00,Site_3,368,21.88,100.0,86.5,yüksek yük
2025-04-05 21:00:00,Site_3,333,23.26,86.11772949434575,72.32,
2025-04-05 22:00:00,Site_3,295,23.27,76.25787862763043,61.95,
2025-04-05 23:00:00,Site_3,266,25.69,62.3102578664231,49.32,
2025-04-06 00:00:00,Site_3,232,24.13,57.84543807693952,44.37,
2025-04-06 01:00:00,Site_3,220,24.88,53.20667235679892,40.35,
2025-04-06 02:00:00,Site_3,206,28.29,43.83038492162989,32.8,
2025-04-06 03:00:00,Site_3,228,24.56,55.8570582542223,42.68,
2025-04-06 04:00:00,Site_3,249,24.6,60.903002088719546,47.46,
2025-04-06 05:00:00,Site_3,280,24.53,68.6799345855746,55.05,
2025-04-06 06:00:00,Site_3,321,21.37,90.30239501941506,75.05,yüksek yük
2025-04-06 07:00:00,Site_3,384,22.91,100.0,87.65,yüksek yük
2025-04-06 08:00:00,Site_3,428,19.99,100.0,90.0,yüksek yük
2025-04-06 09:00:00,Site_3,476,22.2,100.0,90.0,yüksek yük
2025-04-06 10:00:00,Site_3,522,21.7,100.0,90.0,yüksek yük
2025-04-06 11:00:00,Site_3,553,19.93,100.0,90.0,yüksek yük
2025-04-06 12:00:00,Site_3,577,18.64,100.0,90.0,yüksek yük
2025-04-06 13:00:00,Site_3,584,17.2,100.0,90.0,yüksek yük
2025-04-06 14:00:00,Site_3,586,18.93,100.0,90.0,yüksek yük
2025-04-06 15:00:00,Site_3,581,20.49,100.0,90.0,yüksek yük
2025-04-06 16:00:00,Site_3,563,18.62,100.0,90.0,yüksek yük
2025-04-06 17:00:00,Site_3,520,20.83,100.0,90.0,yüksek yük
2025-04-06 18:00:00,Site_3,461,19.82,100.0,90.0,yüksek yük
2025-04-06 19:00:00,Site_3,441,21.18,100.0,90.0,yüksek yük
2025-04-06 20:00:00,Site_3,389,24.78,94.4572633620708,83.13,yüksek yük
2025-04-06 21:00:00,Site_3,350,22.48,93.63519147617129,79.78,yüksek yük
2025-04-06 22:00:00,Site_3,337,22.72,89.21111691248629,75.17,
2025-04-06 23:00:00,Site_3,312,23.63,79.43017190997952,65.5,
2025-04-07 00:00:00,Site_3,279,22.16,75.71091303834555,60.64,
2025-04-07 01:00:00,Site_3,277,26.1,63.870732023894014,51.06,
2025-04-07 02:00:00,Site_3,252,24.23,62.57395947597771,48.9,
2025-04-07 03:00:00,Site_3,242,25.85,56.33848397810103,43.62,
2025-04-07 04:00:00,Site_3,260,24.74,63.235064578723055,49.78,
2025-04-07 05:00:00,Site_3,299,23.87,75.359011478286,61.44,
2025-04-07 06:00:00,Site_3,330,22.22,89.31046391853845,74.81,
2025-04-07 07:00:00,Site_3,377,21.82,100.0,87.14,yüksek yük
2025-04-07 08:00:00,Site_3,438,21.59,100.0,90.0,yüksek yük
2025-04-07 09:00:00,Site_3,486,20.94,100.0,90.0,yüksek yük
2025-04-07 10:00:00,Site_3,521,21.84,100.0,90.0,yüksek yük
2025-04-07 11:00:00,Site_3,551,18.51,100.0,90.0,yüksek yük
2025-04-07 12:00:00,Site_3,577,21.48,100.0,90.0,yüksek yük
2025-04-07 13:00:00,Site_3,596,17.57,100.0,90.0,yüksek yük
2025-04-07 14:00:00,Site_3,608,17.61,100.0,90.0,yüksek yük
2025-04-07 15:00:00,Site_3,620,19.95,100.0,90.0,yüksek yük
2025-04-07 16:00:00,Site_3,615,15.32,100.0,90.0,yüksek yük
2025-04-07 17:00:00,Site_3,601,19.29,100.0,90.0,yüksek yük
2025-04-07 18:00:00,Site_3,556,16.98,100.0,90.0,yüksek yük
2025-04-07 19:00:00,Site_3,520,19.13,100.0,90.0,yüksek yük
2025-04-07 20:00:00,Site_3,457,18.45,100.0,90.0,yüksek yük
2025-04-07 21:00:00,Site_3,410,23.17,100.0,89.52,yüksek yük
2025-04-07 22:00:00,Site_3,369,21.14,100.0,86.57,yüksek yük
2025-04-07 23:00:00,Site_3,320,21.6,89.0706012209515,73.96,
2025-04-01 00:00:00,Site_4,352,23.15,91.46145223936267,78.06,yüksek yük
2025-04-01 01:00:00,Site_4,334,23.7,84.78114120652329,71.26,
2025-04-01 02:00:00,Site_4,316,25.05,75.90741043565464,62.81,
2025-04-01 03:00:00,Site_4,309,24.26,76.633130524166,63.03,
2025-04-01 04:00:00,Site_4,317,23.99,79.49792663404509,65.84,
2025-04-01 05:00:00,Site_4,340,21.72,94.11889373848578,79.51,yüksek yük
2025-04-01 06:00:00,Site_4,375,23.96,94.16048418677555,81.92,yüksek yük
2025-04-01 07:00:00,Site_4,415,22.16,100.0,89.88,yüksek yük
2025-04-01 08:00:00,Site_4,464,20.05,100.0,90.0,yüksek yük
2025-04-01 09:00:00,Site_4,503,18.83,100.0,90.0,yüksek yük
2025-04-01 10:00:00,Site_4,548,16.82,100.0,90.0,yüksek yük
2025-04-01 11:00:00,Site_4,590,20.64,100.0,90.0,yüksek yük
2025-04-01 12:00:00,Site_4,612,18.02,100.0,90.0,yüksek yük
2025-04-01 13:00:00,Site_4,631,14.87,100.0,90.0,yüksek yük
2025-04-01 14:00:00,Site_4,639,13.27,100.0,90.0,yüksek yük
2025-04-01 15:00:00,Site_4,644,18.63,100.0,90.0,yüksek yük
2025-04-01 16:00:00,Site_4,635,16.64,100.0,90.0,yüksek yük
2025-04-01 17:00:00,Site_4,620,17.03,100.0,90.0,yüksek yük
2025-04-01 18:00:00,Site_4,586,16.57,100.0,90.0,yüksek yük
2025-04-01 19:00:00,Site_4,548,15.94,100.0,90.0,yüksek yük
2025-04-01 20:00:00,Site_4,512,19.4,100.0,90.0,yüksek yük
2025-04-01 21:00:00,Site_4,472,22.42,100.0,90.0,yüksek yük
2025-04-01 22:00:00,Site_4,427,20.86,100.0,90.0,yüksek yük
2025-04-01 23:00:00,Site_4,356,22.09,96.90993663270936,82.99,yüksek yük
2025-04-02 00:00:00,Site_4,308,22.24,83.28200459158994,68.44,
2025-04-02 01:00:00,Site_4,279,23.64,70.99901090279927,56.86,
2025-04-02 02:00:00,Site_4,278,24.63,67.91363690852027,54.34,
2025-04-02 03:00:00,Site_4,287,24.77,69.71757397442916,56.24,
2025-04-02 04:00:00,Site_4,310,25.28,73.79102999310521,60.74,
2025-04-02 05:00:00,Site_4,342,22.7,90.61398393994801,76.68,yüksek yük
2025-04-02 06:00:00,Site_4,373,22.63,99.1312660372909,86.1,yüksek yük
2025-04-02 07:00:00,Site_4,413,21.93,100.0,89.74,yüksek yük
2025-04-02 08:00:00,Site_4,458,20.26,100.0,90.0,yüksek yük
2025-04-02 09:00:00,Site_4,521,17.82,100.0,90.0,yüksek yük
2025-04-02 10:00:00,Site_4,545,21.56,100.0,90.0,yüksek yük
2025-04-02 11:00:00,Site_4,570,19.62,100.0,90.0,yüksek yük
2025-04-02 12:00:00,Site_4,588,17.46,100.0,90.0,yüksek yük
2025-04-02 13:00:00,Site_4,608,19.77,100.0,90.0,yüksek yük
2025-04-02 14:00:00,Site_4,608,18.44,100.0,90.0,yüksek yük
2025-04-02 15:00:00,Site_4,601,19.5,100.0,90.0,yüksek yük
2025-04-02 16:00:00,Site_4,579,20.42,100.0,90.0,yüksek yük
2025-04-02 17:00:00,Site_4,562,16.95,100.0,90.0,yüksek yük
2025-04-02 18:00:00,Site_4,544,19.57,100.0,90.0,yüksek yük
2025-04-02 19:00:00,Site_4,508,17.91,100.0,90.0,yüksek yük
2025-04-02 20:00:00,Site_4,460,20.67,100.0,90.0,yüksek yük
2025-04-02 21:00:00,Site_4,408,18.96,100.0,89.38,yüksek yük
2025-04-02 22:00:00,Site_4,356,23.21,92.26302007202042,79.01,yüksek yük
2025-04-02 23:00:00,Site_4,321,23.7,81.48127642902388,67.72,
2025-04-03 00:00:00,Site_4,303,23.43,77.79392151376369,63.65,
2025-04-03 01:00:00,Site_4,291,20.84,83.92528994973387,67.94,
2025-04-03 02:00:00,Site_4,283,27.43,62.09780690165997,49.91,
2025-04-03 03:00:00,Site_4,292,23.51,74.7159629732878,60.54,
2025-04-03 04:00:00,Site_4,297,24.61,72.61394182146351,59.1,
2025-04-03 05:00:00,Site_4,321,22.99,83.98368560225484,69.8,
2025-04-03 06:00:00,Site_4,362,24.69,88.22025709065656,75.93,
2025-04-03 07:00:00,Site_4,405,22.3,100.0,89.16,yüksek yük
2025-04-03 08:00:00,Site_4,452,22.26,100.0,90.0,yüksek yük
2025-04-03 09:00:00,Site_4,502,20.92,100.0,90.0,yüksek yük
2025-04-03 10:00:00,Site_4,533,21.41,100.0,90.0,yüksek yük
2025-04-03 11:00:00,Site_4,557,17.37,100.0,90.0,yüksek yük
2025-04-03 12:00:00,Site_4,587,17.88,100.0,90.0,yüksek yük
2025-04-03 13:00:00,Site_4,592,18.95,100.0,90.0,yüksek yük
2025-04-03 14:00:00,Site_4,614,16.73,100.0,90.0,yüksek yük
2025-04-03 15:00:00,Site_4,602,18.29,100.0,90.0,yüksek yük
2025-04-03 16:00:00,Site_4,588,18.01,100.0,90.0,yüksek yük
2025-04-03 17:00:00,Site_4,565,21.01,100.0,90.0,yüksek yük
2025-04-03 18:00:00,Site_4,536,20.74,100.0,90.0,yüksek yük
2025-04-03 19:00:00,Site_4,498,20.71,100.0,90.0,yüksek yük
2025-04-03 20:00:00,Site_4,458,22.57,100.0,90.0,yüksek yük
2025-04-03 21:00:00,Site_4,418,21.24,100.0,90.0,yüksek yük
2025-04-03 22:00:00,Site_4,360,20.89,100.0,85.92,yüksek yük
2025-04-03 23:00:00,Site_4,317,22.64,84.2113158840411,69.75,
2025-04-04 00:00:00,Site_4,303,24.98,72.98784457353214,59.72,
2025-04-04 01:00:00,Site_4,285,23.29,73.60995089244153,59.27,
2025-04-04 02:00:00,Site_4,279,23.37,71.81494149045692,57.52,
2025-04-04 03:00:00,Site_4,291,21.72,80.55470022911577,65.21,
2025-04-04 04:00:00,Site_4,299,24.16,74.45864880552826,60.7,
2025-04-04 05:00:00,Site_4,322,22.54,85.9165887271214,71.47,
2025-04-04 06:00:00,Site_4,353,24.06,88.26972195703426,75.4,
2025-04-04 07:00:00,Site_4,391,23.55,99.87870032607411,88.05,yüksek yük
2025-04-04 08:00:00,Site_4,456,21.18,100.0,90.0,yüksek yük
2025-04-04 09:00:00,Site_4,506,21.7,100.0,90.0,yüksek yük
2025-04-04 10:00:00,Site_4,539,21.49,100.0,90.0,yüksek yük
2025-04-04 11:00:00,Site_4,566,17.89,100.0,90.0,yüksek yük
2025-04-04 12:00:00,Site_4,594,21.33,100.0,90.0,yüksek yük
2025-04-04 13:00:00,Site_4,602,17.04,100.0,90.0,yüksek yük
2025-04-04 14:00:00,Site_4,608,15.86,100.0,90.0,yüksek yük
2025-04-04 15:00:00,Site_4,613,16.73,100.0,90.0,yüksek yük
2025-04-04 16:00:00,Site_4,583,18.1,100.0,90.0,yüksek yük
2025-04-04 17:00:00,Site_4,564,20.8,100.0,90.0,yüksek yük
2025-04-04 18:00:00,Site_4,522,19.77,100.0,90.0,yüksek yük
2025-04-04 19:00:00,Site_4,488,21.52,100.0,90.0,yüksek yük
2025-04-04 20:00:00,Site_4,439,21.34,100.0,90.0,yüksek yük
2025-04-04 21:00:00,Site_4,402,21.98,100.0,88.94,yüksek yük
2025-04-04 22:00:00,Site_4,376,24.25,93.28765946874671,81.23,yüksek yük
2025-04-04 23:00:00,Site_4,340,22.2,92.09914755574428,77.81,yüksek yük
2025-04-05 00:00:00,Site_4,317,22.84,83.47853982492634,69.14,
2025-04-05 01:00:00,Site_4,297,24.58,72.70220664494325,59.17,
2025-04-05 02:00:00,Site_4,300,24.26,74.40109759627768,60.71,
2025-04-05 03:00:00,Site_4,289,25.02,69.50458453286646,56.17,
2025-04-05 04:00:00,Site_4,300,25.05,72.0639972490392,58.8,
2025-04-05 05:00:00,Site_4,315,22.38,84.64566329646796,69.99,
2025-04-05 06:00:00,Site_4,355,22.26,95.90498691632776,82.06,yüksek yük
2025-04-05 07:00:00,Site_4,400,21.19,100.0,88.8,yüksek yük
2025-04-05 08:00:00,Site_4,440,20.26,100.0,90.0,yüksek yük
2025-04-05 09:00:00,Site_4,486,18.23,100.0,90.0,yüksek yük
2025-04-05 10:00:00,Site_4,523,18.82,100.0,90.0,yüksek yük
2025-04-05 11:00:00,Site_4,561,19.93,100.0,90.0,yüksek yük
2025-04-05 12:00:00,Site_4,582,17.89,100.0,90.0,yüksek yük
2025-04-05 13:00:00,Site_4,595,17.43,100.0,90.0,yüksek yük
2025-04-05 14:00:00,Site_4,608,20.11,100.0,90.0,yüksek yük
2025-04-05 15:00:00,Site_4,601,17.45,100.0,90.0,yüksek yük
2025-04-05 16:00:00,Site_4,600,18.22,100.0,90.0,yüksek yük
2025-04-05 17:00:00,Site_4,582,21.2,100.0,90.0,yüksek yük
2025-04-05 18:00:00,Site_4,543,22.16,100.0,90.0,yüksek yük
2025-04-05 19:00:00,Site_4,504,17.42,100.0,90.0,yüksek yük
2025-04-05 20:00:00,Site_4,458,19.38,100.0,90.0,yüksek yük
2025-04-05 21:00:00,Site_4,428,18.84,100.0,90.0,yüksek yük
2025-04-05 22:00:00,Site_4,367,22.42,98.44416756587424,85.08,yüksek yük
2025-04-05 23:00:00,Site_4,314,25.98,72.73565212778864,60.09,
2025-04-06 00:00:00,Site_4,299,24.36,73.85001065849397,60.21,
2025-04-06 01:00:00,Site_4,293,24.15,72.9945719785763,59.2,
2025-04-06 02:00:00,Site_4,280,25.12,67.07298175655761,53.77,
2025-04-06 03:00:00,Site_4,270,25.12,64.67751812239484,51.38,
2025-04-06 04:00:00,Site_4,293,24.87,70.88999789025075,57.49,
2025-04-06 05:00:00,Site_4,327,22.9,85.88768818060716,71.75,
2025-04-06 06:00:00,Site_4,367,24.45,90.31308416903265,78.05,yüksek yük
2025-04-06 07:00:00,Site_4,441,19.97,100.0,90.0,yüksek yük
2025-04-06 08:00:00,Site_4,501,23.11,100.0,90.0,yüksek yük
2025-04-06 09:00:00,Site_4,541,21.69,100.0,90.0,yüksek yük
2025-04-06 10:00:00,Site_4,590,18.46,100.0,90.0,yüksek yük
2025-04-06 11:00:00,Site_4,617,18.23,100.0,90.0,yüksek yük
2025-04-06 12:00:00,Site_4,638,19.84,100.0,90.0,yüksek yük
2025-04-06 13:00:00,Site_4,639,16.39,100.0,90.0,yüksek yük
2025-04-06 14:00:00,Site_4,641,16.77,100.0,90.0,yüksek yük
2025-04-06 15:00:00,Site_4,623,18.64,100.0,90.0,yüksek yük
2025-04-06 16:00:00,Site_4,609,17.04,100.0,90.0,yüksek yük
2025-04-06 17:00:00,Site_4,580,16.8,100.0,90.0,yüksek yük
2025-04-06 18:00:00,Site_4,545,17.9,100.0,90.0,yüksek yük
2025-04-06 19:00:00,Site_4,503,22.05,100.0,90.0,yüksek yük
2025-04-06 20:00:00,Site_4,466,18.9,100.0,90.0,yüksek yük
2025-04-06 21:00:00,Site_4,415,19.92,100.0,89.88,yüksek yük
2025-04-06 22:00:00,Site_4,382,23.06,99.64160304600394,87.19,yüksek yük
2025-04-06 23:00:00,Site_4,366,22.98,95.7985213940014,82.72,yüksek yük
2025-04-07 00:00:00,Site_4,338,24.06,84.51888391353422,71.28,
2025-04-07 01:00:00,Site_4,337,25.3,80.15479623028065,67.54,
2025-04-07 02:00:00,Site_4,314,24.56,76.9259486483588,63.55,
2025-04-07 03:00:00,Site_4,316,24.95,76.21052097181473,63.07,
2025-04-07 04:00:00,Site_4,329,22.69,87.207765692409,72.98,
2025-04-07 05:00:00,Site_4,354,25.25,84.36436376690119,72.12,
2025-04-07 06:00:00,Site_4,389,22.46,100.0,88.01,yüksek yük
2025-04-07 07:00:00,Site_4,433,20.25,100.0,90.0,yüksek yük
2025-04-07 08:00:00,Site_4,492,20.42,100.0,90.0,yüksek yük
2025-04-07 09:00:00,Site_4,558,17.67,100.0,90.0,yüksek yük
2025-04-07 10:00:00,Site_4,599,17.21,100.0,90.0,yüksek yük
2025-04-07 11:00:00,Site_4,628,16.72,100.0,90.0,yüksek yük
2025-04-07 12:00:00,Site_4,653,15.49,100.0,90.0,yüksek yük
2025-04-07 13:00:00,Site_4,672,15.93,100.0,90.0,yüksek yük
2025-04-07 14:00:00,Site_4,675,16.89,100.0,90.0,yüksek yük
2025-04-07 15:00:00,Site_4,674,16.54,100.0,90.0,yüksek yük
2025-04-07 16:00:00,Site_4,660,17.63,100.0,90.0,yüksek yük
2025-04-07 17:00:00,Site_4,642,15.24,100.0,90.0,yüksek yük
2025-04-07 18:00:00,Site_4,620,16.73,100.0,90.0,yüksek yük
2025-04-07 19:00:00,Site_4,603,17.75,100.0,90.0,yüksek yük
2025-04-07 20:00:00,Site_4,560,18.15,100.0,90.0,yüksek yük
2025-04-07 21:00:00,Site_4,513,19.08,100.0,90.0,yüksek yük
2025-04-07 22:00:00,Site_4,454,18.57,100.0,90.0,yüksek yük
2025-04-07 23:00:00,Site_4,410,21.27,100.0,89.52,yüksek yük
2025-04-01 00:00:00,Site_5,411,23.32,100.0,89.59,yüksek yük
2025-04-01 01:00:00,Site_5,373,24.82,90.42673080613258,78.54,yüksek yük
2025-04-01 02:00:00,Site_5,345,24.49,84.76113383217331,71.91,
2025-04-01 03:00:00,Site_5,336,24.15,83.7070859549544,70.47,
2025-04-01 04:00:00,Site_5,337,22.36,90.6378662842512,76.38,yüksek yük
2025-04-01 05:00:00,Site_5,354,25.81,82.53982598026204,70.56,
2025-04-01 06:00:00,Site_5,381,24.09,95.1531874089607,83.19,yüksek yük
2025-04-01 07:00:00,Site_5,422,20.47,100.0,90.0,yüksek yük
2025-04-01 08:00:00,Site_5,465,21.31,100.0,90.0,yüksek yük
2025-04-01 09:00:00,Site_5,515,20.01,100.0,90.0,yüksek yük
2025-04-01 10:00:00,Site_5,567,17.57,100.0,90.0,yüksek yük
2025-04-01 11:00:00,Site_5,614,16.93,100.0,90.0,yüksek yük
2025-04-01 12:00:00,Site_5,640,15.47,100.0,90.0,yüksek yük
2025-04-01 13:00:00,Site_5,664,16.7,100.0,90.0,yüksek yük
2025-04-01 14:00:00,Site_5,675,15.66,100.0,90.0,yüksek yük
2025-04-01 15:00:00,Site_5,683,14.9,100.0,90.0,yüksek yük
2025-04-01 16:00:00,Site_5,664,18.34,100.0,90.0,yüksek yük
2025-04-01 17:00:00,Site_5,650,15.85,100.0,90.0,yüksek yük
2025-04-01 18:00:00,Site_5,627,16.09,100.0,90.0,yüksek yük
2025-04-01 19:00:00,Site_5,593,18.37,100.0,90.0,yüksek yük
2025-04-01 20:00:00,Site_5,557,19.72,100.0,90.0,yüksek yük
2025-04-01 21:00:00,Site_5,508,20.54,100.0,90.0,yüksek yük
2025-04-01 22:00:00,Site_5,462,20.51,100.0,90.0,yüksek yük
2025-04-01 23:00:00,Site_5,419,20.82,100.0,90.0,yüksek yük
2025-04-02 00:00:00,Site_5,362,23.65,92.08182703111919,79.25,yüksek yük
2025-04-02 01:00:00,Site_5,310,22.21,83.93521384100531,69.1,
2025-04-02 02:00:00,Site_5,314,25.0,75.57728249956124,62.43,
2025-04-02 03:00:00,Site_5,314,22.92,82.40166217529266,68.07,
2025-04-02 04:00:00,Site_5,330,21.12,93.92321476077973,78.67,yüksek yük
2025-04-02 05:00:00,Site_5,351,25.7,82.18953818176635,70.08,
2025-04-02 06:00:00,Site_5,378,21.4,100.0,87.22,yüksek yük
2025-04-02 07:00:00,Site_5,416,19.92,100.0,89.95,yüksek yük
2025-04-02 08:00:00,Site_5,461,21.49,100.0,90.0,yüksek yük
2025-04-02 09:00:00,Site_5,500,18.89,100.0,90.0,yüksek yük
2025-04-02 10:00:00,Site_5,553,19.1,100.0,90.0,yüksek yük
2025-04-02 11:00:00,Site_5,596,18.1,100.0,90.0,yüksek yük
2025-04-02 12:00:00,Site_5,619,14.81,100.0,90.0,yüksek yük
2025-04-02 13:00:00,Site_5,633,18.8,100.0,90.0,yüksek yük
2025-04-02 14:00:00,Site_5,630,15.37,100.0,90.0,yüksek yük
2025-04-02 15:00:00,Site_5,618,20.67,100.0,90.0,yüksek yük
2025-04-02 16:00:00,Site_5,604,21.63,100.0,90.0,yüksek yük
2025-04-02 17:00:00,Site_5,577,17.7,100.0,90.0,yüksek yük
2025-04-02 18:00:00,Site_5,538,18.74,100.0,90.0,yüksek yük
2025-04-02 19:00:00,Site_5,493,22.1,100.0,90.0,yüksek yük
2025-04-02 20:00:00,Site_5,449,21.61,100.0,90.0,yüksek yük
2025-04-02 21:00:00,Site_5,403,22.24,100.0,89.02,yüksek yük
2025-04-02 22:00:00,Site_5,361,22.98,94.489798424138,81.25,yüksek yük
2025-04-02 23:00:00,Site_5,334,21.89,91.74555347085992,77.11,yüksek yük
2025-04-03 00:00:00,Site_5,320,24.87,77.42252329310664,64.29,
2025-04-03 01:00:00,Site_5,304,24.58,74.41572666687796,60.94,
2025-04-03 02:00:00,Site_5,309,23.24,79.97943223314391,65.78,
2025-04-03 03:00:00,Site_5,313,24.1,78.13817885605582,64.49,
2025-04-03 04:00:00,Site_5,332,23.93,83.46742853396303,70.03,
2025-04-03 05:00:00,Site_5,366,21.95,100.0,86.35,yüksek yük
2025-04-03 06:00:00,Site_5,402,22.61,100.0,88.94,yüksek yük
2025-04-03 07:00:00,Site_5,427,19.88,100.0,90.0,yüksek yük
2025-04-03 08:00:00,Site_5,471,21.07,100.0,90.0,yüksek yük
2025-04-03 09:00:00,Site_5,513,20.27,100.0,90.0,yüksek yük
2025-04-03 10:00:00,Site_5,555,17.43,100.0,90.0,yüksek yük
2025-04-03 11:00:00,Site_5,598,18.06,100.0,90.0,yüksek yük
2025-04-03 12:00:00,Site_5,615,17.86,100.0,90.0,yüksek yük
2025-04-03 13:00:00,Site_5,628,19.37,100.0,90.0,yüksek yük
2025-04-03 14:00:00,Site_5,635,17.95,100.0,90.0,yüksek yük
2025-04-03 15:00:00,Site_5,630,16.87,100.0,90.0,yüksek yük
2025-04-03 16:00:00,Site_5,614,17.57,100.0,90.0,yüksek yük
2025-04-03 17:00:00,Site_5,586,21.2,100.0,90.0,yüksek yük
2025-04-03 18:00:00,Site_5,558,21.72,100.0,90.0,yüksek yük
2025-04-03 19:00:00,Site_5,502,18.07,100.0,90.0,yüksek yük
2025-04-03 20:00:00,Site_5,462,18.92,100.0,90.0,yüksek yük
2025-04-03 21:00:00,Site_5,411,19.28,100.0,89.59,yüksek yük
2025-04-03 22:00:00,Site_5,386,23.18,100.0,87.79,yüksek yük
2025-04-03 23:00:00,Site_5,351,20.74,100.0,85.27,yüksek yük
2025-04-04 00:00:00,Site_5,321,24.78,77.9454538283412,64.78,
2025-04-04 01:00:00,Site_5,320,24.06,80.01787826133418,66.45,
2025-04-04 02:00:00,Site_5,310,24.24,76.94428740508312,63.34,
2025-04-04 03:00:00,Site_5,317,23.66,80.60128327048977,66.76,
2025-04-04 04:00:00,Site_5,338,22.96,88.5462768684952,74.68,
2025-04-04 05:00:00,Site_5,361,23.85,91.0612234612282,78.31,yüksek yük
2025-04-04 06:00:00,Site_5,399,22.71,100.0,88.73,yüksek yük
2025-04-04 07:00:00,Site_5,430,21.36,100.0,90.0,yüksek yük
2025-04-04 08:00:00,Site_5,466,21.29,100.0,90.0,yüksek yük
2025-04-04 09:00:00,Site_5,510,19.71,100.0,90.0,yüksek yük
2025-04-04 10:00:00,Site_5,550,18.65,100.0,90.0,yüksek yük
2025-04-04 11:00:00,Site_5,595,18.92,100.0,90.0,yüksek yük
2025-04-04 12:00:00,Site_5,614,16.94,100.0,90.0,yüksek yük
2025-04-04 13:00:00,Site_5,631,15.93,100.0,90.0,yüksek yük
2025-04-04 14:00:00,Site_5,631,18.86,100.0,90.0,yüksek yük
2025-04-04 15:00:00,Site_5,621,14.1,100.0,90.0,yüksek yük
2025-04-04 16:00:00,Site_5,599,16.77,100.0,90.0,yüksek yük
2025-04-04 17:00:00,Site_5,578,17.58,100.0,90.0,yüksek yük
2025-04-04 18:00:00,Site_5,551,18.95,100.0,90.0,yüksek yük
2025-04-04 19:00:00,Site_5,495,19.87,100.0,90.0,yüksek yük
2025-04-04 20:00:00,Site_5,461,20.77,100.0,90.0,yüksek yük
2025-04-04 21:00:00,Site_5,428,21.58,100.0,90.0,yüksek yük
2025-04-04 22:00:00,Site_5,390,21.8,100.0,88.08,yüksek yük
2025-04-04 23:00:00,Site_5,357,22.56,95.17145830705547,81.57,yüksek yük
2025-04-05 00:00:00,Site_5,339,25.46,80.12548933479037,67.63,
2025-04-05 01:00:00,Site_5,321,20.94,92.13957505966043,76.58,yüksek yük
2025-04-05 02:00:00,Site_5,312,24.09,77.92072039788908,64.26,
2025-04-05 03:00:00,Site_5,318,24.73,77.37249937056916,64.14,
2025-04-05 04:00:00,Site_5,335,22.83,88.25704963072862,74.24,
2025-04-05 05:00:00,Site_5,356,20.96,100.0,85.63,yüksek yük
2025-04-05 06:00:00,Site_5,387,18.27,100.0,87.86,yüksek yük
2025-04-05 07:00:00,Site_5,433,21.26,100.0,90.0,yüksek yük
2025-04-05 08:00:00,Site_5,469,18.9,100.0,90.0,yüksek yük
2025-04-05 09:00:00,Site_5,504,18.68,100.0,90.0,yüksek yük
2025-04-05 10:00:00,Site_5,542,18.88,100.0,90.0,yüksek yük
2025-04-05 11:00:00,Site_5,589,21.03,100.0,90.0,yüksek yük
2025-04-05 12:00:00,Site_5,617,16.13,100.0,90.0,yüksek yük
2025-04-05 13:00:00,Site_5,627,18.79,100.0,90.0,yüksek yük
2025-04-05 14:00:00,Site_5,636,15.25,100.0,90.0,yüksek yük
2025-04-05 15:00:00,Site_5,625,17.95,100.0,90.0,yüksek yük
2025-04-05 16:00:00,Site_5,610,16.26,100.0,90.0,yüksek yük
2025-04-05 17:00:00,Site_5,586,18.4,100.0,90.0,yüksek yük
2025-04-05 18:00:00,Site_5,559,19.13,100.0,90.0,yüksek yük
2025-04-05 19:00:00,Site_5,533,18.52,100.0,90.0,yüksek yük
2025-04-05 20:00:00,Site_5,488,19.7,100.0,90.0,yüksek yük
2025-04-05 21:00:00,Site_5,445,21.07,100.0,90.0,yüksek yük
2025-04-05 22:00:00,Site_5,406,21.74,100.0,89.23,yüksek yük
2025-04-05 23:00:00,Site_5,368,23.95,92.44122081029668,79.96,yüksek yük
2025-04-06 00:00:00,Site_5,340,25.09,81.54279627519145,68.89,
2025-04-06 01:00:00,Site_5,321,22.52,85.72532875091416,71.25,
2025-04-06 02:00:00,Site_5,329,27.19,72.82728539368475,60.95,
2025-04-06 03:00:00,Site_5,331,24.03,82.87134539778552,69.47,
2025-04-06 04:00:00,Site_5,343,22.68,90.95856616098433,77.04,yüksek yük
2025-04-06 05:00:00,Site_5,371,27.12,82.33588562278977,71.4,
2025-04-06 06:00:00,Site_5,414,21.44,100.0,89.81,yüksek yük
2025-04-06 07:00:00,Site_5,475,22.05,100.0,90.0,yüksek yük
2025-04-06 08:00:00,Site_5,529,18.61,100.0,90.0,yüksek yük
2025-04-06 09:00:00,Site_5,567,17.46,100.0,90.0,yüksek yük
2025-04-06 10:00:00,Site_5,614,18.17,100.0,90.0,yüksek yük
2025-04-06 11:00:00,Site_5,636,15.59,100.0,90.0,yüksek yük
2025-04-06 12:00:00,Site_5,653,17.18,100.0,90.0,yüksek yük
2025-04-06 13:00:00,Site_5,658,16.43,100.0,90.0,yüksek yük
2025-04-06 14:00:00,Site_5,658,17.21,100.0,90.0,yüksek yük
2025-04-06 15:00:00,Site_5,648,15.95,100.0,90.0,yüksek yük
2025-04-06 16:00:00,Site_5,626,18.01,100.0,90.0,yüksek yük
2025-04-06 17:00:00,Site_5,597,18.04,100.0,90.0,yüksek yük
2025-04-06 18:00:00,Site_5,564,18.41,100.0,90.0,yüksek yük
2025-04-06 19:00:00,Site_5,532,19.49,100.0,90.0,yüksek yük
2025-04-06 20:00:00,Site_5,505,20.81,100.0,90.0,yüksek yük
2025-04-06 21:00:00,Site_5,467,19.92,100.0,90.0,yüksek yük
2025-04-06 22:00:00,Site_5,423,21.2,100.0,90.0,yüksek yük
2025-04-06 23:00:00,Site_5,369,22.51,98.58755649971995,85.35,yüksek yük
2025-04-07 00:00:00,Site_5,349,24.63,85.25848662256682,72.58,
2025-04-07 01:00:00,Site_5,357,23.88,89.93965021651331,77.08,
2025-04-07 02:00:00,Site_5,348,23.93,87.4899552102986,74.42,
2025-04-07 03:00:00,Site_5,355,22.21,96.11935778566736,82.24,yüksek yük
2025-04-07 04:00:00,Site_5,368,24.71,89.61017131467622,77.51,
2025-04-07 05:00:00,Site_5,405,19.08,100.0,89.16,yüksek yük
2025-04-07 06:00:00,Site_5,446,22.48,100.0,90.0,yüksek yük
2025-04-07 07:00:00,Site_5,486,21.32,100.0,90.0,yüksek yük
2025-04-07 08:00:00,Site_5,538,18.26,100.0,90.0,yüksek yük
2025-04-07 09:00:00,Site_5,582,18.87,100.0,90.0,yüksek yük
2025-04-07 10:00:00,Site_5,630,17.81,100.0,90.0,yüksek yük
2025-04-07 11:00:00,Site_5,668,16.42,100.0,90.0,yüksek yük
2025-04-07 12:00:00,Site_5,691,16.46,100.0,90.0,yüksek yük
2025-04-07 13:00:00,Site_5,702,16.37,100.0,90.0,yüksek yük
2025-04-07 14:00:00,Site_5,700,18.74,100.0,90.0,yüksek yük
2025-04-07 15:00:00,Site_5,696,12.49,100.0,90.0,yüksek yük
2025-04-07 16:00:00,Site_5,683,16.85,100.0,90.0,yüksek yük
2025-04-07 17:00:00,Site_5,660,16.88,100.0,90.0,yüksek yük
2025-04-07 18:00:00,Site_5,634,21.59,100.0,90.0,yüksek yük
2025-04-07 19:00:00,Site_5,604,18.0,100.0,90.0,yüksek yük
2025-04-07 20:00:00,Site_5,570,20.26,100.0,90.0,yüksek yük
2025-04-07 21:00:00,Site_5,542,20.95,100.0,90.0,yüksek yük
2025-04-07 22:00:00,Site_5,515,19.08,100.0,90.0,yüksek yük
2025-04-07 23:00:00,Site_5,491,20.43,100.0,90.0,yüksek yük
